2026-05-11 01:06:04 [ERROR] TeleBot: Infinity polling exception: HTTPSConnectionPool(host='api.telegram.org', port=443): Read timed out. (read timeout=25)
2026-05-11 01:06:04 [ERROR] TeleBot: Exception traceback:
Traceback (most recent call last):
  File "/home/pi/Applications/spese_cisot_bot/venv/lib/python3.11/site-packages/urllib3/connectionpool.py", line 534, in _make_request
    response = conn.getresponse()
               ^^^^^^^^^^^^^^^^^^
  File "/home/pi/Applications/spese_cisot_bot/venv/lib/python3.11/site-packages/urllib3/connection.py", line 565, in getresponse
    httplib_response = super().getresponse()
                       ^^^^^^^^^^^^^^^^^^^^^
  File "/usr/lib/python3.11/http/client.py", line 1374, in getresponse
    response.begin()
  File "/usr/lib/python3.11/http/client.py", line 318, in begin
    version, status, reason = self._read_status()
                              ^^^^^^^^^^^^^^^^^^^
  File "/usr/lib/python3.11/http/client.py", line 279, in _read_status
    line = str(self.fp.readline(_MAXLINE + 1), "iso-8859-1")
               ^^^^^^^^^^^^^^^^^^^^^^^^^^^^^^
  File "/usr/lib/python3.11/socket.py", line 706, in readinto
    return self._sock.recv_into(b)
           ^^^^^^^^^^^^^^^^^^^^^^^
  File "/usr/lib/python3.11/ssl.py", line 1311, in recv_into
    return self.read(nbytes, buffer)
           ^^^^^^^^^^^^^^^^^^^^^^^^^
  File "/usr/lib/python3.11/ssl.py", line 1167, in read
    return self._sslobj.read(len, buffer)
           ^^^^^^^^^^^^^^^^^^^^^^^^^^^^^^
TimeoutError: The read operation timed out

The above exception was the direct cause of the following exception:

Traceback (most recent call last):
  File "/home/pi/Applications/spese_cisot_bot/venv/lib/python3.11/site-packages/requests/adapters.py", line 644, in send
    resp = conn.urlopen(
           ^^^^^^^^^^^^^
  File "/home/pi/Applications/spese_cisot_bot/venv/lib/python3.11/site-packages/urllib3/connectionpool.py", line 841, in urlopen
    retries = retries.increment(
              ^^^^^^^^^^^^^^^^^^
  File "/home/pi/Applications/spese_cisot_bot/venv/lib/python3.11/site-packages/urllib3/util/retry.py", line 474, in increment
    raise reraise(type(error), error, _stacktrace)
          ^^^^^^^^^^^^^^^^^^^^^^^^^^^^^^^^^^^^^^^^
  File "/home/pi/Applications/spese_cisot_bot/venv/lib/python3.11/site-packages/urllib3/util/util.py", line 39, in reraise
    raise value
  File "/home/pi/Applications/spese_cisot_bot/venv/lib/python3.11/site-packages/urllib3/connectionpool.py", line 787, in urlopen
    response = self._make_request(
               ^^^^^^^^^^^^^^^^^^^
  File "/home/pi/Applications/spese_cisot_bot/venv/lib/python3.11/site-packages/urllib3/connectionpool.py", line 536, in _make_request
    self._raise_timeout(err=e, url=url, timeout_value=read_timeout)
  File "/home/pi/Applications/spese_cisot_bot/venv/lib/python3.11/site-packages/urllib3/connectionpool.py", line 367, in _raise_timeout
    raise ReadTimeoutError(
urllib3.exceptions.ReadTimeoutError: HTTPSConnectionPool(host='api.telegram.org', port=443): Read timed out. (read timeout=25)

During handling of the above exception, another exception occurred:

Traceback (most recent call last):
  File "/home/pi/Applications/spese_cisot_bot/venv/lib/python3.11/site-packages/telebot/__init__.py", line 1110, in infinity_polling
    self.polling(non_stop=True, timeout=timeout, long_polling_timeout=long_polling_timeout,
  File "/home/pi/Applications/spese_cisot_bot/venv/lib/python3.11/site-packages/telebot/__init__.py", line 1198, in polling
    self.__threaded_polling(non_stop=non_stop, interval=interval, timeout=timeout, long_polling_timeout=long_polling_timeout,
  File "/home/pi/Applications/spese_cisot_bot/venv/lib/python3.11/site-packages/telebot/__init__.py", line 1273, in __threaded_polling
    raise e
  File "/home/pi/Applications/spese_cisot_bot/venv/lib/python3.11/site-packages/telebot/__init__.py", line 1234, in __threaded_polling
    polling_thread.raise_exceptions()
  File "/home/pi/Applications/spese_cisot_bot/venv/lib/python3.11/site-packages/telebot/util.py", line 112, in raise_exceptions
    raise self.exception_info
  File "/home/pi/Applications/spese_cisot_bot/venv/lib/python3.11/site-packages/telebot/util.py", line 94, in run
    task(*args, **kwargs)
  File "/home/pi/Applications/spese_cisot_bot/venv/lib/python3.11/site-packages/telebot/__init__.py", line 688, in __retrieve_updates
    updates = self.get_updates(offset=(self.last_update_id + 1),
             ^^^^^^^^^^^^^^^^^^^^^^^^^^^^^^^^^^^^^^^^^^^^^^^^^^^
  File "/home/pi/Applications/spese_cisot_bot/venv/lib/python3.11/site-packages/telebot/__init__.py", line 660, in get_updates
    json_updates = apihelper.get_updates(
                   ^^^^^^^^^^^^^^^^^^^^^^
  File "/home/pi/Applications/spese_cisot_bot/venv/lib/python3.11/site-packages/telebot/apihelper.py", line 332, in get_updates
    return _make_request(token, method_url, params=payload)
           ^^^^^^^^^^^^^^^^^^^^^^^^^^^^^^^^^^^^^^^^^^^^^^^^
  File "/home/pi/Applications/spese_cisot_bot/venv/lib/python3.11/site-packages/telebot/apihelper.py", line 162, in _make_request
    result = _get_req_session().request(
             ^^^^^^^^^^^^^^^^^^^^^^^^^^^
  File "/home/pi/Applications/spese_cisot_bot/venv/lib/python3.11/site-packages/requests/sessions.py", line 589, in request
    resp = self.send(prep, **send_kwargs)
           ^^^^^^^^^^^^^^^^^^^^^^^^^^^^^^
  File "/home/pi/Applications/spese_cisot_bot/venv/lib/python3.11/site-packages/requests/sessions.py", line 703, in send
    r = adapter.send(request, **kwargs)
        ^^^^^^^^^^^^^^^^^^^^^^^^^^^^^^^
  File "/home/pi/Applications/spese_cisot_bot/venv/lib/python3.11/site-packages/requests/adapters.py", line 690, in send
    raise ReadTimeout(e, request=request)
requests.exceptions.ReadTimeout: HTTPSConnectionPool(host='api.telegram.org', port=443): Read timed out. (read timeout=25)

2026-05-11 05:05:56 [ERROR] TeleBot: Infinity polling exception: HTTPSConnectionPool(host='api.telegram.org', port=443): Read timed out. (read timeout=25)
2026-05-11 05:05:56 [ERROR] TeleBot: Exception traceback:
Traceback (most recent call last):
  File "/home/pi/Applications/spese_cisot_bot/venv/lib/python3.11/site-packages/urllib3/connectionpool.py", line 534, in _make_request
    response = conn.getresponse()
               ^^^^^^^^^^^^^^^^^^
  File "/home/pi/Applications/spese_cisot_bot/venv/lib/python3.11/site-packages/urllib3/connection.py", line 565, in getresponse
    httplib_response = super().getresponse()
                       ^^^^^^^^^^^^^^^^^^^^^
  File "/usr/lib/python3.11/http/client.py", line 1374, in getresponse
    response.begin()
  File "/usr/lib/python3.11/http/client.py", line 318, in begin
    version, status, reason = self._read_status()
                              ^^^^^^^^^^^^^^^^^^^
  File "/usr/lib/python3.11/http/client.py", line 279, in _read_status
    line = str(self.fp.readline(_MAXLINE + 1), "iso-8859-1")
               ^^^^^^^^^^^^^^^^^^^^^^^^^^^^^^
  File "/usr/lib/python3.11/socket.py", line 706, in readinto
    return self._sock.recv_into(b)
           ^^^^^^^^^^^^^^^^^^^^^^^
  File "/usr/lib/python3.11/ssl.py", line 1311, in recv_into
    return self.read(nbytes, buffer)
           ^^^^^^^^^^^^^^^^^^^^^^^^^
  File "/usr/lib/python3.11/ssl.py", line 1167, in read
    return self._sslobj.read(len, buffer)
           ^^^^^^^^^^^^^^^^^^^^^^^^^^^^^^
TimeoutError: The read operation timed out

The above exception was the direct cause of the following exception:

Traceback (most recent call last):
  File "/home/pi/Applications/spese_cisot_bot/venv/lib/python3.11/site-packages/requests/adapters.py", line 644, in send
    resp = conn.urlopen(
           ^^^^^^^^^^^^^
  File "/home/pi/Applications/spese_cisot_bot/venv/lib/python3.11/site-packages/urllib3/connectionpool.py", line 841, in urlopen
    retries = retries.increment(
              ^^^^^^^^^^^^^^^^^^
  File "/home/pi/Applications/spese_cisot_bot/venv/lib/python3.11/site-packages/urllib3/util/retry.py", line 474, in increment
    raise reraise(type(error), error, _stacktrace)
          ^^^^^^^^^^^^^^^^^^^^^^^^^^^^^^^^^^^^^^^^
  File "/home/pi/Applications/spese_cisot_bot/venv/lib/python3.11/site-packages/urllib3/util/util.py", line 39, in reraise
    raise value
  File "/home/pi/Applications/spese_cisot_bot/venv/lib/python3.11/site-packages/urllib3/connectionpool.py", line 787, in urlopen
    response = self._make_request(
               ^^^^^^^^^^^^^^^^^^^
  File "/home/pi/Applications/spese_cisot_bot/venv/lib/python3.11/site-packages/urllib3/connectionpool.py", line 536, in _make_request
    self._raise_timeout(err=e, url=url, timeout_value=read_timeout)
  File "/home/pi/Applications/spese_cisot_bot/venv/lib/python3.11/site-packages/urllib3/connectionpool.py", line 367, in _raise_timeout
    raise ReadTimeoutError(
urllib3.exceptions.ReadTimeoutError: HTTPSConnectionPool(host='api.telegram.org', port=443): Read timed out. (read timeout=25)

During handling of the above exception, another exception occurred:

Traceback (most recent call last):
  File "/home/pi/Applications/spese_cisot_bot/venv/lib/python3.11/site-packages/telebot/__init__.py", line 1110, in infinity_polling
    self.polling(non_stop=True, timeout=timeout, long_polling_timeout=long_polling_timeout,
  File "/home/pi/Applications/spese_cisot_bot/venv/lib/python3.11/site-packages/telebot/__init__.py", line 1198, in polling
    self.__threaded_polling(non_stop=non_stop, interval=interval, timeout=timeout, long_polling_timeout=long_polling_timeout,
  File "/home/pi/Applications/spese_cisot_bot/venv/lib/python3.11/site-packages/telebot/__init__.py", line 1273, in __threaded_polling
    raise e
  File "/home/pi/Applications/spese_cisot_bot/venv/lib/python3.11/site-packages/telebot/__init__.py", line 1234, in __threaded_polling
    polling_thread.raise_exceptions()
  File "/home/pi/Applications/spese_cisot_bot/venv/lib/python3.11/site-packages/telebot/util.py", line 112, in raise_exceptions
    raise self.exception_info
  File "/home/pi/Applications/spese_cisot_bot/venv/lib/python3.11/site-packages/telebot/util.py", line 94, in run
    task(*args, **kwargs)
  File "/home/pi/Applications/spese_cisot_bot/venv/lib/python3.11/site-packages/telebot/__init__.py", line 688, in __retrieve_updates
    updates = self.get_updates(offset=(self.last_update_id + 1),
             ^^^^^^^^^^^^^^^^^^^^^^^^^^^^^^^^^^^^^^^^^^^^^^^^^^^
  File "/home/pi/Applications/spese_cisot_bot/venv/lib/python3.11/site-packages/telebot/__init__.py", line 660, in get_updates
    json_updates = apihelper.get_updates(
                   ^^^^^^^^^^^^^^^^^^^^^^
  File "/home/pi/Applications/spese_cisot_bot/venv/lib/python3.11/site-packages/telebot/apihelper.py", line 332, in get_updates
    return _make_request(token, method_url, params=payload)
           ^^^^^^^^^^^^^^^^^^^^^^^^^^^^^^^^^^^^^^^^^^^^^^^^
  File "/home/pi/Applications/spese_cisot_bot/venv/lib/python3.11/site-packages/telebot/apihelper.py", line 162, in _make_request
    result = _get_req_session().request(
             ^^^^^^^^^^^^^^^^^^^^^^^^^^^
  File "/home/pi/Applications/spese_cisot_bot/venv/lib/python3.11/site-packages/requests/sessions.py", line 589, in request
    resp = self.send(prep, **send_kwargs)
           ^^^^^^^^^^^^^^^^^^^^^^^^^^^^^^
  File "/home/pi/Applications/spese_cisot_bot/venv/lib/python3.11/site-packages/requests/sessions.py", line 703, in send
    r = adapter.send(request, **kwargs)
        ^^^^^^^^^^^^^^^^^^^^^^^^^^^^^^^
  File "/home/pi/Applications/spese_cisot_bot/venv/lib/python3.11/site-packages/requests/adapters.py", line 690, in send
    raise ReadTimeout(e, request=request)
requests.exceptions.ReadTimeout: HTTPSConnectionPool(host='api.telegram.org', port=443): Read timed out. (read timeout=25)

2026-05-11 05:06:09 [ERROR] TeleBot: Infinity polling exception: HTTPSConnectionPool(host='api.telegram.org', port=443): Max retries exceeded with url: /bot7964354910:***********************************/getUpdates?offset=925840056&allowed_updates=%5B%22message%22%2C+%22callback_query%22%5D&timeout=20 (Caused by NameResolutionError("<urllib3.connection.HTTPSConnection object at 0x7f9b6876d0>: Failed to resolve 'api.telegram.org' ([Errno -3] Temporary failure in name resolution)"))
2026-05-11 05:06:09 [ERROR] TeleBot: Exception traceback:
Traceback (most recent call last):
  File "/home/pi/Applications/spese_cisot_bot/venv/lib/python3.11/site-packages/urllib3/connection.py", line 198, in _new_conn
    sock = connection.create_connection(
           ^^^^^^^^^^^^^^^^^^^^^^^^^^^^^
  File "/home/pi/Applications/spese_cisot_bot/venv/lib/python3.11/site-packages/urllib3/util/connection.py", line 60, in create_connection
    for res in socket.getaddrinfo(host, port, family, socket.SOCK_STREAM):
               ^^^^^^^^^^^^^^^^^^^^^^^^^^^^^^^^^^^^^^^^^^^^^^^^^^^^^^^^^^
  File "/usr/lib/python3.11/socket.py", line 962, in getaddrinfo
    for res in _socket.getaddrinfo(host, port, family, type, proto, flags):
               ^^^^^^^^^^^^^^^^^^^^^^^^^^^^^^^^^^^^^^^^^^^^^^^^^^^^^^^^^^^
socket.gaierror: [Errno -3] Temporary failure in name resolution

The above exception was the direct cause of the following exception:

Traceback (most recent call last):
  File "/home/pi/Applications/spese_cisot_bot/venv/lib/python3.11/site-packages/urllib3/connectionpool.py", line 787, in urlopen
    response = self._make_request(
               ^^^^^^^^^^^^^^^^^^^
  File "/home/pi/Applications/spese_cisot_bot/venv/lib/python3.11/site-packages/urllib3/connectionpool.py", line 488, in _make_request
    raise new_e
  File "/home/pi/Applications/spese_cisot_bot/venv/lib/python3.11/site-packages/urllib3/connectionpool.py", line 464, in _make_request
    self._validate_conn(conn)
  File "/home/pi/Applications/spese_cisot_bot/venv/lib/python3.11/site-packages/urllib3/connectionpool.py", line 1093, in _validate_conn
    conn.connect()
  File "/home/pi/Applications/spese_cisot_bot/venv/lib/python3.11/site-packages/urllib3/connection.py", line 753, in connect
    self.sock = sock = self._new_conn()
                       ^^^^^^^^^^^^^^^^
  File "/home/pi/Applications/spese_cisot_bot/venv/lib/python3.11/site-packages/urllib3/connection.py", line 205, in _new_conn
    raise NameResolutionError(self.host, self, e) from e
urllib3.exceptions.NameResolutionError: <urllib3.connection.HTTPSConnection object at 0x7f9b6876d0>: Failed to resolve 'api.telegram.org' ([Errno -3] Temporary failure in name resolution)

The above exception was the direct cause of the following exception:

Traceback (most recent call last):
  File "/home/pi/Applications/spese_cisot_bot/venv/lib/python3.11/site-packages/requests/adapters.py", line 644, in send
    resp = conn.urlopen(
           ^^^^^^^^^^^^^
  File "/home/pi/Applications/spese_cisot_bot/venv/lib/python3.11/site-packages/urllib3/connectionpool.py", line 841, in urlopen
    retries = retries.increment(
              ^^^^^^^^^^^^^^^^^^
  File "/home/pi/Applications/spese_cisot_bot/venv/lib/python3.11/site-packages/urllib3/util/retry.py", line 519, in increment
    raise MaxRetryError(_pool, url, reason) from reason  # type: ignore[arg-type]
    ^^^^^^^^^^^^^^^^^^^^^^^^^^^^^^^^^^^^^^^^^^^^^^^^^^^
urllib3.exceptions.MaxRetryError: HTTPSConnectionPool(host='api.telegram.org', port=443): Max retries exceeded with url: /bot7964354910:***********************************/getUpdates?offset=925840056&allowed_updates=%5B%22message%22%2C+%22callback_query%22%5D&timeout=20 (Caused by NameResolutionError("<urllib3.connection.HTTPSConnection object at 0x7f9b6876d0>: Failed to resolve 'api.telegram.org' ([Errno -3] Temporary failure in name resolution)"))

During handling of the above exception, another exception occurred:

Traceback (most recent call last):
  File "/home/pi/Applications/spese_cisot_bot/venv/lib/python3.11/site-packages/telebot/__init__.py", line 1110, in infinity_polling
    self.polling(non_stop=True, timeout=timeout, long_polling_timeout=long_polling_timeout,
  File "/home/pi/Applications/spese_cisot_bot/venv/lib/python3.11/site-packages/telebot/__init__.py", line 1198, in polling
    self.__threaded_polling(non_stop=non_stop, interval=interval, timeout=timeout, long_polling_timeout=long_polling_timeout,
  File "/home/pi/Applications/spese_cisot_bot/venv/lib/python3.11/site-packages/telebot/__init__.py", line 1273, in __threaded_polling
    raise e
  File "/home/pi/Applications/spese_cisot_bot/venv/lib/python3.11/site-packages/telebot/__init__.py", line 1234, in __threaded_polling
    polling_thread.raise_exceptions()
  File "/home/pi/Applications/spese_cisot_bot/venv/lib/python3.11/site-packages/telebot/util.py", line 112, in raise_exceptions
    raise self.exception_info
  File "/home/pi/Applications/spese_cisot_bot/venv/lib/python3.11/site-packages/telebot/util.py", line 94, in run
    task(*args, **kwargs)
  File "/home/pi/Applications/spese_cisot_bot/venv/lib/python3.11/site-packages/telebot/__init__.py", line 688, in __retrieve_updates
    updates = self.get_updates(offset=(self.last_update_id + 1),
             ^^^^^^^^^^^^^^^^^^^^^^^^^^^^^^^^^^^^^^^^^^^^^^^^^^^
  File "/home/pi/Applications/spese_cisot_bot/venv/lib/python3.11/site-packages/telebot/__init__.py", line 660, in get_updates
    json_updates = apihelper.get_updates(
                   ^^^^^^^^^^^^^^^^^^^^^^
  File "/home/pi/Applications/spese_cisot_bot/venv/lib/python3.11/site-packages/telebot/apihelper.py", line 332, in get_updates
    return _make_request(token, method_url, params=payload)
           ^^^^^^^^^^^^^^^^^^^^^^^^^^^^^^^^^^^^^^^^^^^^^^^^
  File "/home/pi/Applications/spese_cisot_bot/venv/lib/python3.11/site-packages/telebot/apihelper.py", line 162, in _make_request
    result = _get_req_session().request(
             ^^^^^^^^^^^^^^^^^^^^^^^^^^^
  File "/home/pi/Applications/spese_cisot_bot/venv/lib/python3.11/site-packages/requests/sessions.py", line 589, in request
    resp = self.send(prep, **send_kwargs)
           ^^^^^^^^^^^^^^^^^^^^^^^^^^^^^^
  File "/home/pi/Applications/spese_cisot_bot/venv/lib/python3.11/site-packages/requests/sessions.py", line 703, in send
    r = adapter.send(request, **kwargs)
        ^^^^^^^^^^^^^^^^^^^^^^^^^^^^^^^
  File "/home/pi/Applications/spese_cisot_bot/venv/lib/python3.11/site-packages/requests/adapters.py", line 677, in send
    raise ConnectionError(e, request=request)
requests.exceptions.ConnectionError: HTTPSConnectionPool(host='api.telegram.org', port=443): Max retries exceeded with url: /bot7964354910:***********************************/getUpdates?offset=925840056&allowed_updates=%5B%22message%22%2C+%22callback_query%22%5D&timeout=20 (Caused by NameResolutionError("<urllib3.connection.HTTPSConnection object at 0x7f9b6876d0>: Failed to resolve 'api.telegram.org' ([Errno -3] Temporary failure in name resolution)"))

2026-05-11 05:06:22 [ERROR] TeleBot: Infinity polling exception: HTTPSConnectionPool(host='api.telegram.org', port=443): Max retries exceeded with url: /bot7964354910:***********************************/getUpdates?offset=925840056&allowed_updates=%5B%22message%22%2C+%22callback_query%22%5D&timeout=20 (Caused by NameResolutionError("<urllib3.connection.HTTPSConnection object at 0x7f9b6de010>: Failed to resolve 'api.telegram.org' ([Errno -3] Temporary failure in name resolution)"))
2026-05-11 05:06:22 [ERROR] TeleBot: Exception traceback:
Traceback (most recent call last):
  File "/home/pi/Applications/spese_cisot_bot/venv/lib/python3.11/site-packages/urllib3/connection.py", line 198, in _new_conn
    sock = connection.create_connection(
           ^^^^^^^^^^^^^^^^^^^^^^^^^^^^^
  File "/home/pi/Applications/spese_cisot_bot/venv/lib/python3.11/site-packages/urllib3/util/connection.py", line 60, in create_connection
    for res in socket.getaddrinfo(host, port, family, socket.SOCK_STREAM):
               ^^^^^^^^^^^^^^^^^^^^^^^^^^^^^^^^^^^^^^^^^^^^^^^^^^^^^^^^^^
  File "/usr/lib/python3.11/socket.py", line 962, in getaddrinfo
    for res in _socket.getaddrinfo(host, port, family, type, proto, flags):
               ^^^^^^^^^^^^^^^^^^^^^^^^^^^^^^^^^^^^^^^^^^^^^^^^^^^^^^^^^^^
socket.gaierror: [Errno -3] Temporary failure in name resolution

The above exception was the direct cause of the following exception:

Traceback (most recent call last):
  File "/home/pi/Applications/spese_cisot_bot/venv/lib/python3.11/site-packages/urllib3/connectionpool.py", line 787, in urlopen
    response = self._make_request(
               ^^^^^^^^^^^^^^^^^^^
  File "/home/pi/Applications/spese_cisot_bot/venv/lib/python3.11/site-packages/urllib3/connectionpool.py", line 488, in _make_request
    raise new_e
  File "/home/pi/Applications/spese_cisot_bot/venv/lib/python3.11/site-packages/urllib3/connectionpool.py", line 464, in _make_request
    self._validate_conn(conn)
  File "/home/pi/Applications/spese_cisot_bot/venv/lib/python3.11/site-packages/urllib3/connectionpool.py", line 1093, in _validate_conn
    conn.connect()
  File "/home/pi/Applications/spese_cisot_bot/venv/lib/python3.11/site-packages/urllib3/connection.py", line 753, in connect
    self.sock = sock = self._new_conn()
                       ^^^^^^^^^^^^^^^^
  File "/home/pi/Applications/spese_cisot_bot/venv/lib/python3.11/site-packages/urllib3/connection.py", line 205, in _new_conn
    raise NameResolutionError(self.host, self, e) from e
urllib3.exceptions.NameResolutionError: <urllib3.connection.HTTPSConnection object at 0x7f9b6de010>: Failed to resolve 'api.telegram.org' ([Errno -3] Temporary failure in name resolution)

The above exception was the direct cause of the following exception:

Traceback (most recent call last):
  File "/home/pi/Applications/spese_cisot_bot/venv/lib/python3.11/site-packages/requests/adapters.py", line 644, in send
    resp = conn.urlopen(
           ^^^^^^^^^^^^^
  File "/home/pi/Applications/spese_cisot_bot/venv/lib/python3.11/site-packages/urllib3/connectionpool.py", line 841, in urlopen
    retries = retries.increment(
              ^^^^^^^^^^^^^^^^^^
  File "/home/pi/Applications/spese_cisot_bot/venv/lib/python3.11/site-packages/urllib3/util/retry.py", line 519, in increment
    raise MaxRetryError(_pool, url, reason) from reason  # type: ignore[arg-type]
    ^^^^^^^^^^^^^^^^^^^^^^^^^^^^^^^^^^^^^^^^^^^^^^^^^^^
urllib3.exceptions.MaxRetryError: HTTPSConnectionPool(host='api.telegram.org', port=443): Max retries exceeded with url: /bot7964354910:***********************************/getUpdates?offset=925840056&allowed_updates=%5B%22message%22%2C+%22callback_query%22%5D&timeout=20 (Caused by NameResolutionError("<urllib3.connection.HTTPSConnection object at 0x7f9b6de010>: Failed to resolve 'api.telegram.org' ([Errno -3] Temporary failure in name resolution)"))

During handling of the above exception, another exception occurred:

Traceback (most recent call last):
  File "/home/pi/Applications/spese_cisot_bot/venv/lib/python3.11/site-packages/telebot/__init__.py", line 1110, in infinity_polling
    self.polling(non_stop=True, timeout=timeout, long_polling_timeout=long_polling_timeout,
  File "/home/pi/Applications/spese_cisot_bot/venv/lib/python3.11/site-packages/telebot/__init__.py", line 1198, in polling
    self.__threaded_polling(non_stop=non_stop, interval=interval, timeout=timeout, long_polling_timeout=long_polling_timeout,
  File "/home/pi/Applications/spese_cisot_bot/venv/lib/python3.11/site-packages/telebot/__init__.py", line 1273, in __threaded_polling
    raise e
  File "/home/pi/Applications/spese_cisot_bot/venv/lib/python3.11/site-packages/telebot/__init__.py", line 1234, in __threaded_polling
    polling_thread.raise_exceptions()
  File "/home/pi/Applications/spese_cisot_bot/venv/lib/python3.11/site-packages/telebot/util.py", line 112, in raise_exceptions
    raise self.exception_info
  File "/home/pi/Applications/spese_cisot_bot/venv/lib/python3.11/site-packages/telebot/util.py", line 94, in run
    task(*args, **kwargs)
  File "/home/pi/Applications/spese_cisot_bot/venv/lib/python3.11/site-packages/telebot/__init__.py", line 688, in __retrieve_updates
    updates = self.get_updates(offset=(self.last_update_id + 1),
             ^^^^^^^^^^^^^^^^^^^^^^^^^^^^^^^^^^^^^^^^^^^^^^^^^^^
  File "/home/pi/Applications/spese_cisot_bot/venv/lib/python3.11/site-packages/telebot/__init__.py", line 660, in get_updates
    json_updates = apihelper.get_updates(
                   ^^^^^^^^^^^^^^^^^^^^^^
  File "/home/pi/Applications/spese_cisot_bot/venv/lib/python3.11/site-packages/telebot/apihelper.py", line 332, in get_updates
    return _make_request(token, method_url, params=payload)
           ^^^^^^^^^^^^^^^^^^^^^^^^^^^^^^^^^^^^^^^^^^^^^^^^
  File "/home/pi/Applications/spese_cisot_bot/venv/lib/python3.11/site-packages/telebot/apihelper.py", line 162, in _make_request
    result = _get_req_session().request(
             ^^^^^^^^^^^^^^^^^^^^^^^^^^^
  File "/home/pi/Applications/spese_cisot_bot/venv/lib/python3.11/site-packages/requests/sessions.py", line 589, in request
    resp = self.send(prep, **send_kwargs)
           ^^^^^^^^^^^^^^^^^^^^^^^^^^^^^^
  File "/home/pi/Applications/spese_cisot_bot/venv/lib/python3.11/site-packages/requests/sessions.py", line 703, in send
    r = adapter.send(request, **kwargs)
        ^^^^^^^^^^^^^^^^^^^^^^^^^^^^^^^
  File "/home/pi/Applications/spese_cisot_bot/venv/lib/python3.11/site-packages/requests/adapters.py", line 677, in send
    raise ConnectionError(e, request=request)
requests.exceptions.ConnectionError: HTTPSConnectionPool(host='api.telegram.org', port=443): Max retries exceeded with url: /bot7964354910:***********************************/getUpdates?offset=925840056&allowed_updates=%5B%22message%22%2C+%22callback_query%22%5D&timeout=20 (Caused by NameResolutionError("<urllib3.connection.HTTPSConnection object at 0x7f9b6de010>: Failed to resolve 'api.telegram.org' ([Errno -3] Temporary failure in name resolution)"))

2026-05-11 09:06:07 [ERROR] TeleBot: Infinity polling exception: HTTPSConnectionPool(host='api.telegram.org', port=443): Read timed out. (read timeout=25)
2026-05-11 09:06:07 [ERROR] TeleBot: Exception traceback:
Traceback (most recent call last):
  File "/home/pi/Applications/spese_cisot_bot/venv/lib/python3.11/site-packages/urllib3/connectionpool.py", line 534, in _make_request
    response = conn.getresponse()
               ^^^^^^^^^^^^^^^^^^
  File "/home/pi/Applications/spese_cisot_bot/venv/lib/python3.11/site-packages/urllib3/connection.py", line 565, in getresponse
    httplib_response = super().getresponse()
                       ^^^^^^^^^^^^^^^^^^^^^
  File "/usr/lib/python3.11/http/client.py", line 1374, in getresponse
    response.begin()
  File "/usr/lib/python3.11/http/client.py", line 318, in begin
    version, status, reason = self._read_status()
                              ^^^^^^^^^^^^^^^^^^^
  File "/usr/lib/python3.11/http/client.py", line 279, in _read_status
    line = str(self.fp.readline(_MAXLINE + 1), "iso-8859-1")
               ^^^^^^^^^^^^^^^^^^^^^^^^^^^^^^
  File "/usr/lib/python3.11/socket.py", line 706, in readinto
    return self._sock.recv_into(b)
           ^^^^^^^^^^^^^^^^^^^^^^^
  File "/usr/lib/python3.11/ssl.py", line 1311, in recv_into
    return self.read(nbytes, buffer)
           ^^^^^^^^^^^^^^^^^^^^^^^^^
  File "/usr/lib/python3.11/ssl.py", line 1167, in read
    return self._sslobj.read(len, buffer)
           ^^^^^^^^^^^^^^^^^^^^^^^^^^^^^^
TimeoutError: The read operation timed out

The above exception was the direct cause of the following exception:

Traceback (most recent call last):
  File "/home/pi/Applications/spese_cisot_bot/venv/lib/python3.11/site-packages/requests/adapters.py", line 644, in send
    resp = conn.urlopen(
           ^^^^^^^^^^^^^
  File "/home/pi/Applications/spese_cisot_bot/venv/lib/python3.11/site-packages/urllib3/connectionpool.py", line 841, in urlopen
    retries = retries.increment(
              ^^^^^^^^^^^^^^^^^^
  File "/home/pi/Applications/spese_cisot_bot/venv/lib/python3.11/site-packages/urllib3/util/retry.py", line 474, in increment
    raise reraise(type(error), error, _stacktrace)
          ^^^^^^^^^^^^^^^^^^^^^^^^^^^^^^^^^^^^^^^^
  File "/home/pi/Applications/spese_cisot_bot/venv/lib/python3.11/site-packages/urllib3/util/util.py", line 39, in reraise
    raise value
  File "/home/pi/Applications/spese_cisot_bot/venv/lib/python3.11/site-packages/urllib3/connectionpool.py", line 787, in urlopen
    response = self._make_request(
               ^^^^^^^^^^^^^^^^^^^
  File "/home/pi/Applications/spese_cisot_bot/venv/lib/python3.11/site-packages/urllib3/connectionpool.py", line 536, in _make_request
    self._raise_timeout(err=e, url=url, timeout_value=read_timeout)
  File "/home/pi/Applications/spese_cisot_bot/venv/lib/python3.11/site-packages/urllib3/connectionpool.py", line 367, in _raise_timeout
    raise ReadTimeoutError(
urllib3.exceptions.ReadTimeoutError: HTTPSConnectionPool(host='api.telegram.org', port=443): Read timed out. (read timeout=25)

During handling of the above exception, another exception occurred:

Traceback (most recent call last):
  File "/home/pi/Applications/spese_cisot_bot/venv/lib/python3.11/site-packages/telebot/__init__.py", line 1110, in infinity_polling
    self.polling(non_stop=True, timeout=timeout, long_polling_timeout=long_polling_timeout,
  File "/home/pi/Applications/spese_cisot_bot/venv/lib/python3.11/site-packages/telebot/__init__.py", line 1198, in polling
    self.__threaded_polling(non_stop=non_stop, interval=interval, timeout=timeout, long_polling_timeout=long_polling_timeout,
  File "/home/pi/Applications/spese_cisot_bot/venv/lib/python3.11/site-packages/telebot/__init__.py", line 1273, in __threaded_polling
    raise e
  File "/home/pi/Applications/spese_cisot_bot/venv/lib/python3.11/site-packages/telebot/__init__.py", line 1234, in __threaded_polling
    polling_thread.raise_exceptions()
  File "/home/pi/Applications/spese_cisot_bot/venv/lib/python3.11/site-packages/telebot/util.py", line 112, in raise_exceptions
    raise self.exception_info
  File "/home/pi/Applications/spese_cisot_bot/venv/lib/python3.11/site-packages/telebot/util.py", line 94, in run
    task(*args, **kwargs)
  File "/home/pi/Applications/spese_cisot_bot/venv/lib/python3.11/site-packages/telebot/__init__.py", line 688, in __retrieve_updates
    updates = self.get_updates(offset=(self.last_update_id + 1),
             ^^^^^^^^^^^^^^^^^^^^^^^^^^^^^^^^^^^^^^^^^^^^^^^^^^^
  File "/home/pi/Applications/spese_cisot_bot/venv/lib/python3.11/site-packages/telebot/__init__.py", line 660, in get_updates
    json_updates = apihelper.get_updates(
                   ^^^^^^^^^^^^^^^^^^^^^^
  File "/home/pi/Applications/spese_cisot_bot/venv/lib/python3.11/site-packages/telebot/apihelper.py", line 332, in get_updates
    return _make_request(token, method_url, params=payload)
           ^^^^^^^^^^^^^^^^^^^^^^^^^^^^^^^^^^^^^^^^^^^^^^^^
  File "/home/pi/Applications/spese_cisot_bot/venv/lib/python3.11/site-packages/telebot/apihelper.py", line 162, in _make_request
    result = _get_req_session().request(
             ^^^^^^^^^^^^^^^^^^^^^^^^^^^
  File "/home/pi/Applications/spese_cisot_bot/venv/lib/python3.11/site-packages/requests/sessions.py", line 589, in request
    resp = self.send(prep, **send_kwargs)
           ^^^^^^^^^^^^^^^^^^^^^^^^^^^^^^
  File "/home/pi/Applications/spese_cisot_bot/venv/lib/python3.11/site-packages/requests/sessions.py", line 703, in send
    r = adapter.send(request, **kwargs)
        ^^^^^^^^^^^^^^^^^^^^^^^^^^^^^^^
  File "/home/pi/Applications/spese_cisot_bot/venv/lib/python3.11/site-packages/requests/adapters.py", line 690, in send
    raise ReadTimeout(e, request=request)
requests.exceptions.ReadTimeout: HTTPSConnectionPool(host='api.telegram.org', port=443): Read timed out. (read timeout=25)

2026-05-11 09:47:43 [INFO] __main__: Bot started...
2026-05-11 10:04:51 [ERROR] TeleBot: Infinity polling exception: HTTPSConnectionPool(host='api.telegram.org', port=443): Read timed out. (read timeout=25)
2026-05-11 10:04:51 [ERROR] TeleBot: Exception traceback:
Traceback (most recent call last):
  File "/home/pi/Applications/spese_cisot_bot/venv/lib/python3.11/site-packages/urllib3/connectionpool.py", line 534, in _make_request
    response = conn.getresponse()
               ^^^^^^^^^^^^^^^^^^
  File "/home/pi/Applications/spese_cisot_bot/venv/lib/python3.11/site-packages/urllib3/connection.py", line 565, in getresponse
    httplib_response = super().getresponse()
                       ^^^^^^^^^^^^^^^^^^^^^
  File "/usr/lib/python3.11/http/client.py", line 1374, in getresponse
    response.begin()
  File "/usr/lib/python3.11/http/client.py", line 318, in begin
    version, status, reason = self._read_status()
                              ^^^^^^^^^^^^^^^^^^^
  File "/usr/lib/python3.11/http/client.py", line 279, in _read_status
    line = str(self.fp.readline(_MAXLINE + 1), "iso-8859-1")
               ^^^^^^^^^^^^^^^^^^^^^^^^^^^^^^
  File "/usr/lib/python3.11/socket.py", line 706, in readinto
    return self._sock.recv_into(b)
           ^^^^^^^^^^^^^^^^^^^^^^^
  File "/usr/lib/python3.11/ssl.py", line 1311, in recv_into
    return self.read(nbytes, buffer)
           ^^^^^^^^^^^^^^^^^^^^^^^^^
  File "/usr/lib/python3.11/ssl.py", line 1167, in read
    return self._sslobj.read(len, buffer)
           ^^^^^^^^^^^^^^^^^^^^^^^^^^^^^^
TimeoutError: The read operation timed out

The above exception was the direct cause of the following exception:

Traceback (most recent call last):
  File "/home/pi/Applications/spese_cisot_bot/venv/lib/python3.11/site-packages/requests/adapters.py", line 644, in send
    resp = conn.urlopen(
           ^^^^^^^^^^^^^
  File "/home/pi/Applications/spese_cisot_bot/venv/lib/python3.11/site-packages/urllib3/connectionpool.py", line 841, in urlopen
    retries = retries.increment(
              ^^^^^^^^^^^^^^^^^^
  File "/home/pi/Applications/spese_cisot_bot/venv/lib/python3.11/site-packages/urllib3/util/retry.py", line 474, in increment
    raise reraise(type(error), error, _stacktrace)
          ^^^^^^^^^^^^^^^^^^^^^^^^^^^^^^^^^^^^^^^^
  File "/home/pi/Applications/spese_cisot_bot/venv/lib/python3.11/site-packages/urllib3/util/util.py", line 39, in reraise
    raise value
  File "/home/pi/Applications/spese_cisot_bot/venv/lib/python3.11/site-packages/urllib3/connectionpool.py", line 787, in urlopen
    response = self._make_request(
               ^^^^^^^^^^^^^^^^^^^
  File "/home/pi/Applications/spese_cisot_bot/venv/lib/python3.11/site-packages/urllib3/connectionpool.py", line 536, in _make_request
    self._raise_timeout(err=e, url=url, timeout_value=read_timeout)
  File "/home/pi/Applications/spese_cisot_bot/venv/lib/python3.11/site-packages/urllib3/connectionpool.py", line 367, in _raise_timeout
    raise ReadTimeoutError(
urllib3.exceptions.ReadTimeoutError: HTTPSConnectionPool(host='api.telegram.org', port=443): Read timed out. (read timeout=25)

During handling of the above exception, another exception occurred:

Traceback (most recent call last):
  File "/home/pi/Applications/spese_cisot_bot/venv/lib/python3.11/site-packages/telebot/__init__.py", line 1110, in infinity_polling
    self.polling(non_stop=True, timeout=timeout, long_polling_timeout=long_polling_timeout,
  File "/home/pi/Applications/spese_cisot_bot/venv/lib/python3.11/site-packages/telebot/__init__.py", line 1198, in polling
    self.__threaded_polling(non_stop=non_stop, interval=interval, timeout=timeout, long_polling_timeout=long_polling_timeout,
  File "/home/pi/Applications/spese_cisot_bot/venv/lib/python3.11/site-packages/telebot/__init__.py", line 1273, in __threaded_polling
    raise e
  File "/home/pi/Applications/spese_cisot_bot/venv/lib/python3.11/site-packages/telebot/__init__.py", line 1234, in __threaded_polling
    polling_thread.raise_exceptions()
  File "/home/pi/Applications/spese_cisot_bot/venv/lib/python3.11/site-packages/telebot/util.py", line 112, in raise_exceptions
    raise self.exception_info
  File "/home/pi/Applications/spese_cisot_bot/venv/lib/python3.11/site-packages/telebot/util.py", line 94, in run
    task(*args, **kwargs)
  File "/home/pi/Applications/spese_cisot_bot/venv/lib/python3.11/site-packages/telebot/__init__.py", line 688, in __retrieve_updates
    updates = self.get_updates(offset=(self.last_update_id + 1),
             ^^^^^^^^^^^^^^^^^^^^^^^^^^^^^^^^^^^^^^^^^^^^^^^^^^^
  File "/home/pi/Applications/spese_cisot_bot/venv/lib/python3.11/site-packages/telebot/__init__.py", line 660, in get_updates
    json_updates = apihelper.get_updates(
                   ^^^^^^^^^^^^^^^^^^^^^^
  File "/home/pi/Applications/spese_cisot_bot/venv/lib/python3.11/site-packages/telebot/apihelper.py", line 332, in get_updates
    return _make_request(token, method_url, params=payload)
           ^^^^^^^^^^^^^^^^^^^^^^^^^^^^^^^^^^^^^^^^^^^^^^^^
  File "/home/pi/Applications/spese_cisot_bot/venv/lib/python3.11/site-packages/telebot/apihelper.py", line 162, in _make_request
    result = _get_req_session().request(
             ^^^^^^^^^^^^^^^^^^^^^^^^^^^
  File "/home/pi/Applications/spese_cisot_bot/venv/lib/python3.11/site-packages/requests/sessions.py", line 589, in request
    resp = self.send(prep, **send_kwargs)
           ^^^^^^^^^^^^^^^^^^^^^^^^^^^^^^
  File "/home/pi/Applications/spese_cisot_bot/venv/lib/python3.11/site-packages/requests/sessions.py", line 703, in send
    r = adapter.send(request, **kwargs)
        ^^^^^^^^^^^^^^^^^^^^^^^^^^^^^^^
  File "/home/pi/Applications/spese_cisot_bot/venv/lib/python3.11/site-packages/requests/adapters.py", line 690, in send
    raise ReadTimeout(e, request=request)
requests.exceptions.ReadTimeout: HTTPSConnectionPool(host='api.telegram.org', port=443): Read timed out. (read timeout=25)

2026-05-11 10:05:00 [ERROR] TeleBot: Infinity polling exception: HTTPSConnectionPool(host='api.telegram.org', port=443): Max retries exceeded with url: /bot7964354910:***********************************/getUpdates?offset=1&allowed_updates=%5B%22message%22%2C+%22callback_query%22%5D&timeout=20 (Caused by NameResolutionError("<urllib3.connection.HTTPSConnection object at 0x7f84beef50>: Failed to resolve 'api.telegram.org' ([Errno -3] Temporary failure in name resolution)"))
2026-05-11 10:05:00 [ERROR] TeleBot: Exception traceback:
Traceback (most recent call last):
  File "/home/pi/Applications/spese_cisot_bot/venv/lib/python3.11/site-packages/urllib3/connection.py", line 198, in _new_conn
    sock = connection.create_connection(
           ^^^^^^^^^^^^^^^^^^^^^^^^^^^^^
  File "/home/pi/Applications/spese_cisot_bot/venv/lib/python3.11/site-packages/urllib3/util/connection.py", line 60, in create_connection
    for res in socket.getaddrinfo(host, port, family, socket.SOCK_STREAM):
               ^^^^^^^^^^^^^^^^^^^^^^^^^^^^^^^^^^^^^^^^^^^^^^^^^^^^^^^^^^
  File "/usr/lib/python3.11/socket.py", line 962, in getaddrinfo
    for res in _socket.getaddrinfo(host, port, family, type, proto, flags):
               ^^^^^^^^^^^^^^^^^^^^^^^^^^^^^^^^^^^^^^^^^^^^^^^^^^^^^^^^^^^
socket.gaierror: [Errno -3] Temporary failure in name resolution

The above exception was the direct cause of the following exception:

Traceback (most recent call last):
  File "/home/pi/Applications/spese_cisot_bot/venv/lib/python3.11/site-packages/urllib3/connectionpool.py", line 787, in urlopen
    response = self._make_request(
               ^^^^^^^^^^^^^^^^^^^
  File "/home/pi/Applications/spese_cisot_bot/venv/lib/python3.11/site-packages/urllib3/connectionpool.py", line 488, in _make_request
    raise new_e
  File "/home/pi/Applications/spese_cisot_bot/venv/lib/python3.11/site-packages/urllib3/connectionpool.py", line 464, in _make_request
    self._validate_conn(conn)
  File "/home/pi/Applications/spese_cisot_bot/venv/lib/python3.11/site-packages/urllib3/connectionpool.py", line 1093, in _validate_conn
    conn.connect()
  File "/home/pi/Applications/spese_cisot_bot/venv/lib/python3.11/site-packages/urllib3/connection.py", line 753, in connect
    self.sock = sock = self._new_conn()
                       ^^^^^^^^^^^^^^^^
  File "/home/pi/Applications/spese_cisot_bot/venv/lib/python3.11/site-packages/urllib3/connection.py", line 205, in _new_conn
    raise NameResolutionError(self.host, self, e) from e
urllib3.exceptions.NameResolutionError: <urllib3.connection.HTTPSConnection object at 0x7f84beef50>: Failed to resolve 'api.telegram.org' ([Errno -3] Temporary failure in name resolution)

The above exception was the direct cause of the following exception:

Traceback (most recent call last):
  File "/home/pi/Applications/spese_cisot_bot/venv/lib/python3.11/site-packages/requests/adapters.py", line 644, in send
    resp = conn.urlopen(
           ^^^^^^^^^^^^^
  File "/home/pi/Applications/spese_cisot_bot/venv/lib/python3.11/site-packages/urllib3/connectionpool.py", line 841, in urlopen
    retries = retries.increment(
              ^^^^^^^^^^^^^^^^^^
  File "/home/pi/Applications/spese_cisot_bot/venv/lib/python3.11/site-packages/urllib3/util/retry.py", line 519, in increment
    raise MaxRetryError(_pool, url, reason) from reason  # type: ignore[arg-type]
    ^^^^^^^^^^^^^^^^^^^^^^^^^^^^^^^^^^^^^^^^^^^^^^^^^^^
urllib3.exceptions.MaxRetryError: HTTPSConnectionPool(host='api.telegram.org', port=443): Max retries exceeded with url: /bot7964354910:***********************************/getUpdates?offset=1&allowed_updates=%5B%22message%22%2C+%22callback_query%22%5D&timeout=20 (Caused by NameResolutionError("<urllib3.connection.HTTPSConnection object at 0x7f84beef50>: Failed to resolve 'api.telegram.org' ([Errno -3] Temporary failure in name resolution)"))

During handling of the above exception, another exception occurred:

Traceback (most recent call last):
  File "/home/pi/Applications/spese_cisot_bot/venv/lib/python3.11/site-packages/telebot/__init__.py", line 1110, in infinity_polling
    self.polling(non_stop=True, timeout=timeout, long_polling_timeout=long_polling_timeout,
  File "/home/pi/Applications/spese_cisot_bot/venv/lib/python3.11/site-packages/telebot/__init__.py", line 1198, in polling
    self.__threaded_polling(non_stop=non_stop, interval=interval, timeout=timeout, long_polling_timeout=long_polling_timeout,
  File "/home/pi/Applications/spese_cisot_bot/venv/lib/python3.11/site-packages/telebot/__init__.py", line 1273, in __threaded_polling
    raise e
  File "/home/pi/Applications/spese_cisot_bot/venv/lib/python3.11/site-packages/telebot/__init__.py", line 1234, in __threaded_polling
    polling_thread.raise_exceptions()
  File "/home/pi/Applications/spese_cisot_bot/venv/lib/python3.11/site-packages/telebot/util.py", line 112, in raise_exceptions
    raise self.exception_info
  File "/home/pi/Applications/spese_cisot_bot/venv/lib/python3.11/site-packages/telebot/util.py", line 94, in run
    task(*args, **kwargs)
  File "/home/pi/Applications/spese_cisot_bot/venv/lib/python3.11/site-packages/telebot/__init__.py", line 688, in __retrieve_updates
    updates = self.get_updates(offset=(self.last_update_id + 1),
             ^^^^^^^^^^^^^^^^^^^^^^^^^^^^^^^^^^^^^^^^^^^^^^^^^^^
  File "/home/pi/Applications/spese_cisot_bot/venv/lib/python3.11/site-packages/telebot/__init__.py", line 660, in get_updates
    json_updates = apihelper.get_updates(
                   ^^^^^^^^^^^^^^^^^^^^^^
  File "/home/pi/Applications/spese_cisot_bot/venv/lib/python3.11/site-packages/telebot/apihelper.py", line 332, in get_updates
    return _make_request(token, method_url, params=payload)
           ^^^^^^^^^^^^^^^^^^^^^^^^^^^^^^^^^^^^^^^^^^^^^^^^
  File "/home/pi/Applications/spese_cisot_bot/venv/lib/python3.11/site-packages/telebot/apihelper.py", line 162, in _make_request
    result = _get_req_session().request(
             ^^^^^^^^^^^^^^^^^^^^^^^^^^^
  File "/home/pi/Applications/spese_cisot_bot/venv/lib/python3.11/site-packages/requests/sessions.py", line 589, in request
    resp = self.send(prep, **send_kwargs)
           ^^^^^^^^^^^^^^^^^^^^^^^^^^^^^^
  File "/home/pi/Applications/spese_cisot_bot/venv/lib/python3.11/site-packages/requests/sessions.py", line 703, in send
    r = adapter.send(request, **kwargs)
        ^^^^^^^^^^^^^^^^^^^^^^^^^^^^^^^
  File "/home/pi/Applications/spese_cisot_bot/venv/lib/python3.11/site-packages/requests/adapters.py", line 677, in send
    raise ConnectionError(e, request=request)
requests.exceptions.ConnectionError: HTTPSConnectionPool(host='api.telegram.org', port=443): Max retries exceeded with url: /bot7964354910:***********************************/getUpdates?offset=1&allowed_updates=%5B%22message%22%2C+%22callback_query%22%5D&timeout=20 (Caused by NameResolutionError("<urllib3.connection.HTTPSConnection object at 0x7f84beef50>: Failed to resolve 'api.telegram.org' ([Errno -3] Temporary failure in name resolution)"))

2026-05-11 10:05:03 [ERROR] TeleBot: Infinity polling exception: HTTPSConnectionPool(host='api.telegram.org', port=443): Max retries exceeded with url: /bot7964354910:***********************************/getUpdates?offset=1&allowed_updates=%5B%22message%22%2C+%22callback_query%22%5D&timeout=20 (Caused by NameResolutionError("<urllib3.connection.HTTPSConnection object at 0x7f84c021d0>: Failed to resolve 'api.telegram.org' ([Errno -3] Temporary failure in name resolution)"))
2026-05-11 10:05:03 [ERROR] TeleBot: Exception traceback:
Traceback (most recent call last):
  File "/home/pi/Applications/spese_cisot_bot/venv/lib/python3.11/site-packages/urllib3/connection.py", line 198, in _new_conn
    sock = connection.create_connection(
           ^^^^^^^^^^^^^^^^^^^^^^^^^^^^^
  File "/home/pi/Applications/spese_cisot_bot/venv/lib/python3.11/site-packages/urllib3/util/connection.py", line 60, in create_connection
    for res in socket.getaddrinfo(host, port, family, socket.SOCK_STREAM):
               ^^^^^^^^^^^^^^^^^^^^^^^^^^^^^^^^^^^^^^^^^^^^^^^^^^^^^^^^^^
  File "/usr/lib/python3.11/socket.py", line 962, in getaddrinfo
    for res in _socket.getaddrinfo(host, port, family, type, proto, flags):
               ^^^^^^^^^^^^^^^^^^^^^^^^^^^^^^^^^^^^^^^^^^^^^^^^^^^^^^^^^^^
socket.gaierror: [Errno -3] Temporary failure in name resolution

The above exception was the direct cause of the following exception:

Traceback (most recent call last):
  File "/home/pi/Applications/spese_cisot_bot/venv/lib/python3.11/site-packages/urllib3/connectionpool.py", line 787, in urlopen
    response = self._make_request(
               ^^^^^^^^^^^^^^^^^^^
  File "/home/pi/Applications/spese_cisot_bot/venv/lib/python3.11/site-packages/urllib3/connectionpool.py", line 488, in _make_request
    raise new_e
  File "/home/pi/Applications/spese_cisot_bot/venv/lib/python3.11/site-packages/urllib3/connectionpool.py", line 464, in _make_request
    self._validate_conn(conn)
  File "/home/pi/Applications/spese_cisot_bot/venv/lib/python3.11/site-packages/urllib3/connectionpool.py", line 1093, in _validate_conn
    conn.connect()
  File "/home/pi/Applications/spese_cisot_bot/venv/lib/python3.11/site-packages/urllib3/connection.py", line 753, in connect
    self.sock = sock = self._new_conn()
                       ^^^^^^^^^^^^^^^^
  File "/home/pi/Applications/spese_cisot_bot/venv/lib/python3.11/site-packages/urllib3/connection.py", line 205, in _new_conn
    raise NameResolutionError(self.host, self, e) from e
urllib3.exceptions.NameResolutionError: <urllib3.connection.HTTPSConnection object at 0x7f84c021d0>: Failed to resolve 'api.telegram.org' ([Errno -3] Temporary failure in name resolution)

The above exception was the direct cause of the following exception:

Traceback (most recent call last):
  File "/home/pi/Applications/spese_cisot_bot/venv/lib/python3.11/site-packages/requests/adapters.py", line 644, in send
    resp = conn.urlopen(
           ^^^^^^^^^^^^^
  File "/home/pi/Applications/spese_cisot_bot/venv/lib/python3.11/site-packages/urllib3/connectionpool.py", line 841, in urlopen
    retries = retries.increment(
              ^^^^^^^^^^^^^^^^^^
  File "/home/pi/Applications/spese_cisot_bot/venv/lib/python3.11/site-packages/urllib3/util/retry.py", line 519, in increment
    raise MaxRetryError(_pool, url, reason) from reason  # type: ignore[arg-type]
    ^^^^^^^^^^^^^^^^^^^^^^^^^^^^^^^^^^^^^^^^^^^^^^^^^^^
urllib3.exceptions.MaxRetryError: HTTPSConnectionPool(host='api.telegram.org', port=443): Max retries exceeded with url: /bot7964354910:***********************************/getUpdates?offset=1&allowed_updates=%5B%22message%22%2C+%22callback_query%22%5D&timeout=20 (Caused by NameResolutionError("<urllib3.connection.HTTPSConnection object at 0x7f84c021d0>: Failed to resolve 'api.telegram.org' ([Errno -3] Temporary failure in name resolution)"))

During handling of the above exception, another exception occurred:

Traceback (most recent call last):
  File "/home/pi/Applications/spese_cisot_bot/venv/lib/python3.11/site-packages/telebot/__init__.py", line 1110, in infinity_polling
    self.polling(non_stop=True, timeout=timeout, long_polling_timeout=long_polling_timeout,
  File "/home/pi/Applications/spese_cisot_bot/venv/lib/python3.11/site-packages/telebot/__init__.py", line 1198, in polling
    self.__threaded_polling(non_stop=non_stop, interval=interval, timeout=timeout, long_polling_timeout=long_polling_timeout,
  File "/home/pi/Applications/spese_cisot_bot/venv/lib/python3.11/site-packages/telebot/__init__.py", line 1273, in __threaded_polling
    raise e
  File "/home/pi/Applications/spese_cisot_bot/venv/lib/python3.11/site-packages/telebot/__init__.py", line 1234, in __threaded_polling
    polling_thread.raise_exceptions()
  File "/home/pi/Applications/spese_cisot_bot/venv/lib/python3.11/site-packages/telebot/util.py", line 112, in raise_exceptions
    raise self.exception_info
  File "/home/pi/Applications/spese_cisot_bot/venv/lib/python3.11/site-packages/telebot/util.py", line 94, in run
    task(*args, **kwargs)
  File "/home/pi/Applications/spese_cisot_bot/venv/lib/python3.11/site-packages/telebot/__init__.py", line 688, in __retrieve_updates
    updates = self.get_updates(offset=(self.last_update_id + 1),
             ^^^^^^^^^^^^^^^^^^^^^^^^^^^^^^^^^^^^^^^^^^^^^^^^^^^
  File "/home/pi/Applications/spese_cisot_bot/venv/lib/python3.11/site-packages/telebot/__init__.py", line 660, in get_updates
    json_updates = apihelper.get_updates(
                   ^^^^^^^^^^^^^^^^^^^^^^
  File "/home/pi/Applications/spese_cisot_bot/venv/lib/python3.11/site-packages/telebot/apihelper.py", line 332, in get_updates
    return _make_request(token, method_url, params=payload)
           ^^^^^^^^^^^^^^^^^^^^^^^^^^^^^^^^^^^^^^^^^^^^^^^^
  File "/home/pi/Applications/spese_cisot_bot/venv/lib/python3.11/site-packages/telebot/apihelper.py", line 162, in _make_request
    result = _get_req_session().request(
             ^^^^^^^^^^^^^^^^^^^^^^^^^^^
  File "/home/pi/Applications/spese_cisot_bot/venv/lib/python3.11/site-packages/requests/sessions.py", line 589, in request
    resp = self.send(prep, **send_kwargs)
           ^^^^^^^^^^^^^^^^^^^^^^^^^^^^^^
  File "/home/pi/Applications/spese_cisot_bot/venv/lib/python3.11/site-packages/requests/sessions.py", line 703, in send
    r = adapter.send(request, **kwargs)
        ^^^^^^^^^^^^^^^^^^^^^^^^^^^^^^^
  File "/home/pi/Applications/spese_cisot_bot/venv/lib/python3.11/site-packages/requests/adapters.py", line 677, in send
    raise ConnectionError(e, request=request)
requests.exceptions.ConnectionError: HTTPSConnectionPool(host='api.telegram.org', port=443): Max retries exceeded with url: /bot7964354910:***********************************/getUpdates?offset=1&allowed_updates=%5B%22message%22%2C+%22callback_query%22%5D&timeout=20 (Caused by NameResolutionError("<urllib3.connection.HTTPSConnection object at 0x7f84c021d0>: Failed to resolve 'api.telegram.org' ([Errno -3] Temporary failure in name resolution)"))

2026-05-11 10:05:06 [ERROR] TeleBot: Infinity polling exception: HTTPSConnectionPool(host='api.telegram.org', port=443): Max retries exceeded with url: /bot7964354910:***********************************/getUpdates?offset=1&allowed_updates=%5B%22message%22%2C+%22callback_query%22%5D&timeout=20 (Caused by NameResolutionError("<urllib3.connection.HTTPSConnection object at 0x7f84c022d0>: Failed to resolve 'api.telegram.org' ([Errno -3] Temporary failure in name resolution)"))
2026-05-11 10:05:06 [ERROR] TeleBot: Exception traceback:
Traceback (most recent call last):
  File "/home/pi/Applications/spese_cisot_bot/venv/lib/python3.11/site-packages/urllib3/connection.py", line 198, in _new_conn
    sock = connection.create_connection(
           ^^^^^^^^^^^^^^^^^^^^^^^^^^^^^
  File "/home/pi/Applications/spese_cisot_bot/venv/lib/python3.11/site-packages/urllib3/util/connection.py", line 60, in create_connection
    for res in socket.getaddrinfo(host, port, family, socket.SOCK_STREAM):
               ^^^^^^^^^^^^^^^^^^^^^^^^^^^^^^^^^^^^^^^^^^^^^^^^^^^^^^^^^^
  File "/usr/lib/python3.11/socket.py", line 962, in getaddrinfo
    for res in _socket.getaddrinfo(host, port, family, type, proto, flags):
               ^^^^^^^^^^^^^^^^^^^^^^^^^^^^^^^^^^^^^^^^^^^^^^^^^^^^^^^^^^^
socket.gaierror: [Errno -3] Temporary failure in name resolution

The above exception was the direct cause of the following exception:

Traceback (most recent call last):
  File "/home/pi/Applications/spese_cisot_bot/venv/lib/python3.11/site-packages/urllib3/connectionpool.py", line 787, in urlopen
    response = self._make_request(
               ^^^^^^^^^^^^^^^^^^^
  File "/home/pi/Applications/spese_cisot_bot/venv/lib/python3.11/site-packages/urllib3/connectionpool.py", line 488, in _make_request
    raise new_e
  File "/home/pi/Applications/spese_cisot_bot/venv/lib/python3.11/site-packages/urllib3/connectionpool.py", line 464, in _make_request
    self._validate_conn(conn)
  File "/home/pi/Applications/spese_cisot_bot/venv/lib/python3.11/site-packages/urllib3/connectionpool.py", line 1093, in _validate_conn
    conn.connect()
  File "/home/pi/Applications/spese_cisot_bot/venv/lib/python3.11/site-packages/urllib3/connection.py", line 753, in connect
    self.sock = sock = self._new_conn()
                       ^^^^^^^^^^^^^^^^
  File "/home/pi/Applications/spese_cisot_bot/venv/lib/python3.11/site-packages/urllib3/connection.py", line 205, in _new_conn
    raise NameResolutionError(self.host, self, e) from e
urllib3.exceptions.NameResolutionError: <urllib3.connection.HTTPSConnection object at 0x7f84c022d0>: Failed to resolve 'api.telegram.org' ([Errno -3] Temporary failure in name resolution)

The above exception was the direct cause of the following exception:

Traceback (most recent call last):
  File "/home/pi/Applications/spese_cisot_bot/venv/lib/python3.11/site-packages/requests/adapters.py", line 644, in send
    resp = conn.urlopen(
           ^^^^^^^^^^^^^
  File "/home/pi/Applications/spese_cisot_bot/venv/lib/python3.11/site-packages/urllib3/connectionpool.py", line 841, in urlopen
    retries = retries.increment(
              ^^^^^^^^^^^^^^^^^^
  File "/home/pi/Applications/spese_cisot_bot/venv/lib/python3.11/site-packages/urllib3/util/retry.py", line 519, in increment
    raise MaxRetryError(_pool, url, reason) from reason  # type: ignore[arg-type]
    ^^^^^^^^^^^^^^^^^^^^^^^^^^^^^^^^^^^^^^^^^^^^^^^^^^^
urllib3.exceptions.MaxRetryError: HTTPSConnectionPool(host='api.telegram.org', port=443): Max retries exceeded with url: /bot7964354910:***********************************/getUpdates?offset=1&allowed_updates=%5B%22message%22%2C+%22callback_query%22%5D&timeout=20 (Caused by NameResolutionError("<urllib3.connection.HTTPSConnection object at 0x7f84c022d0>: Failed to resolve 'api.telegram.org' ([Errno -3] Temporary failure in name resolution)"))

During handling of the above exception, another exception occurred:

Traceback (most recent call last):
  File "/home/pi/Applications/spese_cisot_bot/venv/lib/python3.11/site-packages/telebot/__init__.py", line 1110, in infinity_polling
    self.polling(non_stop=True, timeout=timeout, long_polling_timeout=long_polling_timeout,
  File "/home/pi/Applications/spese_cisot_bot/venv/lib/python3.11/site-packages/telebot/__init__.py", line 1198, in polling
    self.__threaded_polling(non_stop=non_stop, interval=interval, timeout=timeout, long_polling_timeout=long_polling_timeout,
  File "/home/pi/Applications/spese_cisot_bot/venv/lib/python3.11/site-packages/telebot/__init__.py", line 1273, in __threaded_polling
    raise e
  File "/home/pi/Applications/spese_cisot_bot/venv/lib/python3.11/site-packages/telebot/__init__.py", line 1234, in __threaded_polling
    polling_thread.raise_exceptions()
  File "/home/pi/Applications/spese_cisot_bot/venv/lib/python3.11/site-packages/telebot/util.py", line 112, in raise_exceptions
    raise self.exception_info
  File "/home/pi/Applications/spese_cisot_bot/venv/lib/python3.11/site-packages/telebot/util.py", line 94, in run
    task(*args, **kwargs)
  File "/home/pi/Applications/spese_cisot_bot/venv/lib/python3.11/site-packages/telebot/__init__.py", line 688, in __retrieve_updates
    updates = self.get_updates(offset=(self.last_update_id + 1),
             ^^^^^^^^^^^^^^^^^^^^^^^^^^^^^^^^^^^^^^^^^^^^^^^^^^^
  File "/home/pi/Applications/spese_cisot_bot/venv/lib/python3.11/site-packages/telebot/__init__.py", line 660, in get_updates
    json_updates = apihelper.get_updates(
                   ^^^^^^^^^^^^^^^^^^^^^^
  File "/home/pi/Applications/spese_cisot_bot/venv/lib/python3.11/site-packages/telebot/apihelper.py", line 332, in get_updates
    return _make_request(token, method_url, params=payload)
           ^^^^^^^^^^^^^^^^^^^^^^^^^^^^^^^^^^^^^^^^^^^^^^^^
  File "/home/pi/Applications/spese_cisot_bot/venv/lib/python3.11/site-packages/telebot/apihelper.py", line 162, in _make_request
    result = _get_req_session().request(
             ^^^^^^^^^^^^^^^^^^^^^^^^^^^
  File "/home/pi/Applications/spese_cisot_bot/venv/lib/python3.11/site-packages/requests/sessions.py", line 589, in request
    resp = self.send(prep, **send_kwargs)
           ^^^^^^^^^^^^^^^^^^^^^^^^^^^^^^
  File "/home/pi/Applications/spese_cisot_bot/venv/lib/python3.11/site-packages/requests/sessions.py", line 703, in send
    r = adapter.send(request, **kwargs)
        ^^^^^^^^^^^^^^^^^^^^^^^^^^^^^^^
  File "/home/pi/Applications/spese_cisot_bot/venv/lib/python3.11/site-packages/requests/adapters.py", line 677, in send
    raise ConnectionError(e, request=request)
requests.exceptions.ConnectionError: HTTPSConnectionPool(host='api.telegram.org', port=443): Max retries exceeded with url: /bot7964354910:***********************************/getUpdates?offset=1&allowed_updates=%5B%22message%22%2C+%22callback_query%22%5D&timeout=20 (Caused by NameResolutionError("<urllib3.connection.HTTPSConnection object at 0x7f84c022d0>: Failed to resolve 'api.telegram.org' ([Errno -3] Temporary failure in name resolution)"))

2026-05-11 10:05:09 [ERROR] TeleBot: Infinity polling exception: HTTPSConnectionPool(host='api.telegram.org', port=443): Max retries exceeded with url: /bot7964354910:***********************************/getUpdates?offset=1&allowed_updates=%5B%22message%22%2C+%22callback_query%22%5D&timeout=20 (Caused by NameResolutionError("<urllib3.connection.HTTPSConnection object at 0x7f84beea10>: Failed to resolve 'api.telegram.org' ([Errno -3] Temporary failure in name resolution)"))
2026-05-11 10:05:09 [ERROR] TeleBot: Exception traceback:
Traceback (most recent call last):
  File "/home/pi/Applications/spese_cisot_bot/venv/lib/python3.11/site-packages/urllib3/connection.py", line 198, in _new_conn
    sock = connection.create_connection(
           ^^^^^^^^^^^^^^^^^^^^^^^^^^^^^
  File "/home/pi/Applications/spese_cisot_bot/venv/lib/python3.11/site-packages/urllib3/util/connection.py", line 60, in create_connection
    for res in socket.getaddrinfo(host, port, family, socket.SOCK_STREAM):
               ^^^^^^^^^^^^^^^^^^^^^^^^^^^^^^^^^^^^^^^^^^^^^^^^^^^^^^^^^^
  File "/usr/lib/python3.11/socket.py", line 962, in getaddrinfo
    for res in _socket.getaddrinfo(host, port, family, type, proto, flags):
               ^^^^^^^^^^^^^^^^^^^^^^^^^^^^^^^^^^^^^^^^^^^^^^^^^^^^^^^^^^^
socket.gaierror: [Errno -3] Temporary failure in name resolution

The above exception was the direct cause of the following exception:

Traceback (most recent call last):
  File "/home/pi/Applications/spese_cisot_bot/venv/lib/python3.11/site-packages/urllib3/connectionpool.py", line 787, in urlopen
    response = self._make_request(
               ^^^^^^^^^^^^^^^^^^^
  File "/home/pi/Applications/spese_cisot_bot/venv/lib/python3.11/site-packages/urllib3/connectionpool.py", line 488, in _make_request
    raise new_e
  File "/home/pi/Applications/spese_cisot_bot/venv/lib/python3.11/site-packages/urllib3/connectionpool.py", line 464, in _make_request
    self._validate_conn(conn)
  File "/home/pi/Applications/spese_cisot_bot/venv/lib/python3.11/site-packages/urllib3/connectionpool.py", line 1093, in _validate_conn
    conn.connect()
  File "/home/pi/Applications/spese_cisot_bot/venv/lib/python3.11/site-packages/urllib3/connection.py", line 753, in connect
    self.sock = sock = self._new_conn()
                       ^^^^^^^^^^^^^^^^
  File "/home/pi/Applications/spese_cisot_bot/venv/lib/python3.11/site-packages/urllib3/connection.py", line 205, in _new_conn
    raise NameResolutionError(self.host, self, e) from e
urllib3.exceptions.NameResolutionError: <urllib3.connection.HTTPSConnection object at 0x7f84beea10>: Failed to resolve 'api.telegram.org' ([Errno -3] Temporary failure in name resolution)

The above exception was the direct cause of the following exception:

Traceback (most recent call last):
  File "/home/pi/Applications/spese_cisot_bot/venv/lib/python3.11/site-packages/requests/adapters.py", line 644, in send
    resp = conn.urlopen(
           ^^^^^^^^^^^^^
  File "/home/pi/Applications/spese_cisot_bot/venv/lib/python3.11/site-packages/urllib3/connectionpool.py", line 841, in urlopen
    retries = retries.increment(
              ^^^^^^^^^^^^^^^^^^
  File "/home/pi/Applications/spese_cisot_bot/venv/lib/python3.11/site-packages/urllib3/util/retry.py", line 519, in increment
    raise MaxRetryError(_pool, url, reason) from reason  # type: ignore[arg-type]
    ^^^^^^^^^^^^^^^^^^^^^^^^^^^^^^^^^^^^^^^^^^^^^^^^^^^
urllib3.exceptions.MaxRetryError: HTTPSConnectionPool(host='api.telegram.org', port=443): Max retries exceeded with url: /bot7964354910:***********************************/getUpdates?offset=1&allowed_updates=%5B%22message%22%2C+%22callback_query%22%5D&timeout=20 (Caused by NameResolutionError("<urllib3.connection.HTTPSConnection object at 0x7f84beea10>: Failed to resolve 'api.telegram.org' ([Errno -3] Temporary failure in name resolution)"))

During handling of the above exception, another exception occurred:

Traceback (most recent call last):
  File "/home/pi/Applications/spese_cisot_bot/venv/lib/python3.11/site-packages/telebot/__init__.py", line 1110, in infinity_polling
    self.polling(non_stop=True, timeout=timeout, long_polling_timeout=long_polling_timeout,
  File "/home/pi/Applications/spese_cisot_bot/venv/lib/python3.11/site-packages/telebot/__init__.py", line 1198, in polling
    self.__threaded_polling(non_stop=non_stop, interval=interval, timeout=timeout, long_polling_timeout=long_polling_timeout,
  File "/home/pi/Applications/spese_cisot_bot/venv/lib/python3.11/site-packages/telebot/__init__.py", line 1273, in __threaded_polling
    raise e
  File "/home/pi/Applications/spese_cisot_bot/venv/lib/python3.11/site-packages/telebot/__init__.py", line 1234, in __threaded_polling
    polling_thread.raise_exceptions()
  File "/home/pi/Applications/spese_cisot_bot/venv/lib/python3.11/site-packages/telebot/util.py", line 112, in raise_exceptions
    raise self.exception_info
  File "/home/pi/Applications/spese_cisot_bot/venv/lib/python3.11/site-packages/telebot/util.py", line 94, in run
    task(*args, **kwargs)
  File "/home/pi/Applications/spese_cisot_bot/venv/lib/python3.11/site-packages/telebot/__init__.py", line 688, in __retrieve_updates
    updates = self.get_updates(offset=(self.last_update_id + 1),
             ^^^^^^^^^^^^^^^^^^^^^^^^^^^^^^^^^^^^^^^^^^^^^^^^^^^
  File "/home/pi/Applications/spese_cisot_bot/venv/lib/python3.11/site-packages/telebot/__init__.py", line 660, in get_updates
    json_updates = apihelper.get_updates(
                   ^^^^^^^^^^^^^^^^^^^^^^
  File "/home/pi/Applications/spese_cisot_bot/venv/lib/python3.11/site-packages/telebot/apihelper.py", line 332, in get_updates
    return _make_request(token, method_url, params=payload)
           ^^^^^^^^^^^^^^^^^^^^^^^^^^^^^^^^^^^^^^^^^^^^^^^^
  File "/home/pi/Applications/spese_cisot_bot/venv/lib/python3.11/site-packages/telebot/apihelper.py", line 162, in _make_request
    result = _get_req_session().request(
             ^^^^^^^^^^^^^^^^^^^^^^^^^^^
  File "/home/pi/Applications/spese_cisot_bot/venv/lib/python3.11/site-packages/requests/sessions.py", line 589, in request
    resp = self.send(prep, **send_kwargs)
           ^^^^^^^^^^^^^^^^^^^^^^^^^^^^^^
  File "/home/pi/Applications/spese_cisot_bot/venv/lib/python3.11/site-packages/requests/sessions.py", line 703, in send
    r = adapter.send(request, **kwargs)
        ^^^^^^^^^^^^^^^^^^^^^^^^^^^^^^^
  File "/home/pi/Applications/spese_cisot_bot/venv/lib/python3.11/site-packages/requests/adapters.py", line 677, in send
    raise ConnectionError(e, request=request)
requests.exceptions.ConnectionError: HTTPSConnectionPool(host='api.telegram.org', port=443): Max retries exceeded with url: /bot7964354910:***********************************/getUpdates?offset=1&allowed_updates=%5B%22message%22%2C+%22callback_query%22%5D&timeout=20 (Caused by NameResolutionError("<urllib3.connection.HTTPSConnection object at 0x7f84beea10>: Failed to resolve 'api.telegram.org' ([Errno -3] Temporary failure in name resolution)"))

2026-05-11 10:05:12 [ERROR] TeleBot: Infinity polling exception: HTTPSConnectionPool(host='api.telegram.org', port=443): Max retries exceeded with url: /bot7964354910:***********************************/getUpdates?offset=1&allowed_updates=%5B%22message%22%2C+%22callback_query%22%5D&timeout=20 (Caused by NameResolutionError("<urllib3.connection.HTTPSConnection object at 0x7f84c05d50>: Failed to resolve 'api.telegram.org' ([Errno -3] Temporary failure in name resolution)"))
2026-05-11 10:05:12 [ERROR] TeleBot: Exception traceback:
Traceback (most recent call last):
  File "/home/pi/Applications/spese_cisot_bot/venv/lib/python3.11/site-packages/urllib3/connection.py", line 198, in _new_conn
    sock = connection.create_connection(
           ^^^^^^^^^^^^^^^^^^^^^^^^^^^^^
  File "/home/pi/Applications/spese_cisot_bot/venv/lib/python3.11/site-packages/urllib3/util/connection.py", line 60, in create_connection
    for res in socket.getaddrinfo(host, port, family, socket.SOCK_STREAM):
               ^^^^^^^^^^^^^^^^^^^^^^^^^^^^^^^^^^^^^^^^^^^^^^^^^^^^^^^^^^
  File "/usr/lib/python3.11/socket.py", line 962, in getaddrinfo
    for res in _socket.getaddrinfo(host, port, family, type, proto, flags):
               ^^^^^^^^^^^^^^^^^^^^^^^^^^^^^^^^^^^^^^^^^^^^^^^^^^^^^^^^^^^
socket.gaierror: [Errno -3] Temporary failure in name resolution

The above exception was the direct cause of the following exception:

Traceback (most recent call last):
  File "/home/pi/Applications/spese_cisot_bot/venv/lib/python3.11/site-packages/urllib3/connectionpool.py", line 787, in urlopen
    response = self._make_request(
               ^^^^^^^^^^^^^^^^^^^
  File "/home/pi/Applications/spese_cisot_bot/venv/lib/python3.11/site-packages/urllib3/connectionpool.py", line 488, in _make_request
    raise new_e
  File "/home/pi/Applications/spese_cisot_bot/venv/lib/python3.11/site-packages/urllib3/connectionpool.py", line 464, in _make_request
    self._validate_conn(conn)
  File "/home/pi/Applications/spese_cisot_bot/venv/lib/python3.11/site-packages/urllib3/connectionpool.py", line 1093, in _validate_conn
    conn.connect()
  File "/home/pi/Applications/spese_cisot_bot/venv/lib/python3.11/site-packages/urllib3/connection.py", line 753, in connect
    self.sock = sock = self._new_conn()
                       ^^^^^^^^^^^^^^^^
  File "/home/pi/Applications/spese_cisot_bot/venv/lib/python3.11/site-packages/urllib3/connection.py", line 205, in _new_conn
    raise NameResolutionError(self.host, self, e) from e
urllib3.exceptions.NameResolutionError: <urllib3.connection.HTTPSConnection object at 0x7f84c05d50>: Failed to resolve 'api.telegram.org' ([Errno -3] Temporary failure in name resolution)

The above exception was the direct cause of the following exception:

Traceback (most recent call last):
  File "/home/pi/Applications/spese_cisot_bot/venv/lib/python3.11/site-packages/requests/adapters.py", line 644, in send
    resp = conn.urlopen(
           ^^^^^^^^^^^^^
  File "/home/pi/Applications/spese_cisot_bot/venv/lib/python3.11/site-packages/urllib3/connectionpool.py", line 841, in urlopen
    retries = retries.increment(
              ^^^^^^^^^^^^^^^^^^
  File "/home/pi/Applications/spese_cisot_bot/venv/lib/python3.11/site-packages/urllib3/util/retry.py", line 519, in increment
    raise MaxRetryError(_pool, url, reason) from reason  # type: ignore[arg-type]
    ^^^^^^^^^^^^^^^^^^^^^^^^^^^^^^^^^^^^^^^^^^^^^^^^^^^
urllib3.exceptions.MaxRetryError: HTTPSConnectionPool(host='api.telegram.org', port=443): Max retries exceeded with url: /bot7964354910:***********************************/getUpdates?offset=1&allowed_updates=%5B%22message%22%2C+%22callback_query%22%5D&timeout=20 (Caused by NameResolutionError("<urllib3.connection.HTTPSConnection object at 0x7f84c05d50>: Failed to resolve 'api.telegram.org' ([Errno -3] Temporary failure in name resolution)"))

During handling of the above exception, another exception occurred:

Traceback (most recent call last):
  File "/home/pi/Applications/spese_cisot_bot/venv/lib/python3.11/site-packages/telebot/__init__.py", line 1110, in infinity_polling
    self.polling(non_stop=True, timeout=timeout, long_polling_timeout=long_polling_timeout,
  File "/home/pi/Applications/spese_cisot_bot/venv/lib/python3.11/site-packages/telebot/__init__.py", line 1198, in polling
    self.__threaded_polling(non_stop=non_stop, interval=interval, timeout=timeout, long_polling_timeout=long_polling_timeout,
  File "/home/pi/Applications/spese_cisot_bot/venv/lib/python3.11/site-packages/telebot/__init__.py", line 1273, in __threaded_polling
    raise e
  File "/home/pi/Applications/spese_cisot_bot/venv/lib/python3.11/site-packages/telebot/__init__.py", line 1234, in __threaded_polling
    polling_thread.raise_exceptions()
  File "/home/pi/Applications/spese_cisot_bot/venv/lib/python3.11/site-packages/telebot/util.py", line 112, in raise_exceptions
    raise self.exception_info
  File "/home/pi/Applications/spese_cisot_bot/venv/lib/python3.11/site-packages/telebot/util.py", line 94, in run
    task(*args, **kwargs)
  File "/home/pi/Applications/spese_cisot_bot/venv/lib/python3.11/site-packages/telebot/__init__.py", line 688, in __retrieve_updates
    updates = self.get_updates(offset=(self.last_update_id + 1),
             ^^^^^^^^^^^^^^^^^^^^^^^^^^^^^^^^^^^^^^^^^^^^^^^^^^^
  File "/home/pi/Applications/spese_cisot_bot/venv/lib/python3.11/site-packages/telebot/__init__.py", line 660, in get_updates
    json_updates = apihelper.get_updates(
                   ^^^^^^^^^^^^^^^^^^^^^^
  File "/home/pi/Applications/spese_cisot_bot/venv/lib/python3.11/site-packages/telebot/apihelper.py", line 332, in get_updates
    return _make_request(token, method_url, params=payload)
           ^^^^^^^^^^^^^^^^^^^^^^^^^^^^^^^^^^^^^^^^^^^^^^^^
  File "/home/pi/Applications/spese_cisot_bot/venv/lib/python3.11/site-packages/telebot/apihelper.py", line 162, in _make_request
    result = _get_req_session().request(
             ^^^^^^^^^^^^^^^^^^^^^^^^^^^
  File "/home/pi/Applications/spese_cisot_bot/venv/lib/python3.11/site-packages/requests/sessions.py", line 589, in request
    resp = self.send(prep, **send_kwargs)
           ^^^^^^^^^^^^^^^^^^^^^^^^^^^^^^
  File "/home/pi/Applications/spese_cisot_bot/venv/lib/python3.11/site-packages/requests/sessions.py", line 703, in send
    r = adapter.send(request, **kwargs)
        ^^^^^^^^^^^^^^^^^^^^^^^^^^^^^^^
  File "/home/pi/Applications/spese_cisot_bot/venv/lib/python3.11/site-packages/requests/adapters.py", line 677, in send
    raise ConnectionError(e, request=request)
requests.exceptions.ConnectionError: HTTPSConnectionPool(host='api.telegram.org', port=443): Max retries exceeded with url: /bot7964354910:***********************************/getUpdates?offset=1&allowed_updates=%5B%22message%22%2C+%22callback_query%22%5D&timeout=20 (Caused by NameResolutionError("<urllib3.connection.HTTPSConnection object at 0x7f84c05d50>: Failed to resolve 'api.telegram.org' ([Errno -3] Temporary failure in name resolution)"))

2026-05-11 10:05:15 [ERROR] TeleBot: Infinity polling exception: HTTPSConnectionPool(host='api.telegram.org', port=443): Max retries exceeded with url: /bot7964354910:***********************************/getUpdates?offset=1&allowed_updates=%5B%22message%22%2C+%22callback_query%22%5D&timeout=20 (Caused by NameResolutionError("<urllib3.connection.HTTPSConnection object at 0x7f84c08e90>: Failed to resolve 'api.telegram.org' ([Errno -3] Temporary failure in name resolution)"))
2026-05-11 10:05:15 [ERROR] TeleBot: Exception traceback:
Traceback (most recent call last):
  File "/home/pi/Applications/spese_cisot_bot/venv/lib/python3.11/site-packages/urllib3/connection.py", line 198, in _new_conn
    sock = connection.create_connection(
           ^^^^^^^^^^^^^^^^^^^^^^^^^^^^^
  File "/home/pi/Applications/spese_cisot_bot/venv/lib/python3.11/site-packages/urllib3/util/connection.py", line 60, in create_connection
    for res in socket.getaddrinfo(host, port, family, socket.SOCK_STREAM):
               ^^^^^^^^^^^^^^^^^^^^^^^^^^^^^^^^^^^^^^^^^^^^^^^^^^^^^^^^^^
  File "/usr/lib/python3.11/socket.py", line 962, in getaddrinfo
    for res in _socket.getaddrinfo(host, port, family, type, proto, flags):
               ^^^^^^^^^^^^^^^^^^^^^^^^^^^^^^^^^^^^^^^^^^^^^^^^^^^^^^^^^^^
socket.gaierror: [Errno -3] Temporary failure in name resolution

The above exception was the direct cause of the following exception:

Traceback (most recent call last):
  File "/home/pi/Applications/spese_cisot_bot/venv/lib/python3.11/site-packages/urllib3/connectionpool.py", line 787, in urlopen
    response = self._make_request(
               ^^^^^^^^^^^^^^^^^^^
  File "/home/pi/Applications/spese_cisot_bot/venv/lib/python3.11/site-packages/urllib3/connectionpool.py", line 488, in _make_request
    raise new_e
  File "/home/pi/Applications/spese_cisot_bot/venv/lib/python3.11/site-packages/urllib3/connectionpool.py", line 464, in _make_request
    self._validate_conn(conn)
  File "/home/pi/Applications/spese_cisot_bot/venv/lib/python3.11/site-packages/urllib3/connectionpool.py", line 1093, in _validate_conn
    conn.connect()
  File "/home/pi/Applications/spese_cisot_bot/venv/lib/python3.11/site-packages/urllib3/connection.py", line 753, in connect
    self.sock = sock = self._new_conn()
                       ^^^^^^^^^^^^^^^^
  File "/home/pi/Applications/spese_cisot_bot/venv/lib/python3.11/site-packages/urllib3/connection.py", line 205, in _new_conn
    raise NameResolutionError(self.host, self, e) from e
urllib3.exceptions.NameResolutionError: <urllib3.connection.HTTPSConnection object at 0x7f84c08e90>: Failed to resolve 'api.telegram.org' ([Errno -3] Temporary failure in name resolution)

The above exception was the direct cause of the following exception:

Traceback (most recent call last):
  File "/home/pi/Applications/spese_cisot_bot/venv/lib/python3.11/site-packages/requests/adapters.py", line 644, in send
    resp = conn.urlopen(
           ^^^^^^^^^^^^^
  File "/home/pi/Applications/spese_cisot_bot/venv/lib/python3.11/site-packages/urllib3/connectionpool.py", line 841, in urlopen
    retries = retries.increment(
              ^^^^^^^^^^^^^^^^^^
  File "/home/pi/Applications/spese_cisot_bot/venv/lib/python3.11/site-packages/urllib3/util/retry.py", line 519, in increment
    raise MaxRetryError(_pool, url, reason) from reason  # type: ignore[arg-type]
    ^^^^^^^^^^^^^^^^^^^^^^^^^^^^^^^^^^^^^^^^^^^^^^^^^^^
urllib3.exceptions.MaxRetryError: HTTPSConnectionPool(host='api.telegram.org', port=443): Max retries exceeded with url: /bot7964354910:***********************************/getUpdates?offset=1&allowed_updates=%5B%22message%22%2C+%22callback_query%22%5D&timeout=20 (Caused by NameResolutionError("<urllib3.connection.HTTPSConnection object at 0x7f84c08e90>: Failed to resolve 'api.telegram.org' ([Errno -3] Temporary failure in name resolution)"))

During handling of the above exception, another exception occurred:

Traceback (most recent call last):
  File "/home/pi/Applications/spese_cisot_bot/venv/lib/python3.11/site-packages/telebot/__init__.py", line 1110, in infinity_polling
    self.polling(non_stop=True, timeout=timeout, long_polling_timeout=long_polling_timeout,
  File "/home/pi/Applications/spese_cisot_bot/venv/lib/python3.11/site-packages/telebot/__init__.py", line 1198, in polling
    self.__threaded_polling(non_stop=non_stop, interval=interval, timeout=timeout, long_polling_timeout=long_polling_timeout,
  File "/home/pi/Applications/spese_cisot_bot/venv/lib/python3.11/site-packages/telebot/__init__.py", line 1273, in __threaded_polling
    raise e
  File "/home/pi/Applications/spese_cisot_bot/venv/lib/python3.11/site-packages/telebot/__init__.py", line 1234, in __threaded_polling
    polling_thread.raise_exceptions()
  File "/home/pi/Applications/spese_cisot_bot/venv/lib/python3.11/site-packages/telebot/util.py", line 112, in raise_exceptions
    raise self.exception_info
  File "/home/pi/Applications/spese_cisot_bot/venv/lib/python3.11/site-packages/telebot/util.py", line 94, in run
    task(*args, **kwargs)
  File "/home/pi/Applications/spese_cisot_bot/venv/lib/python3.11/site-packages/telebot/__init__.py", line 688, in __retrieve_updates
    updates = self.get_updates(offset=(self.last_update_id + 1),
             ^^^^^^^^^^^^^^^^^^^^^^^^^^^^^^^^^^^^^^^^^^^^^^^^^^^
  File "/home/pi/Applications/spese_cisot_bot/venv/lib/python3.11/site-packages/telebot/__init__.py", line 660, in get_updates
    json_updates = apihelper.get_updates(
                   ^^^^^^^^^^^^^^^^^^^^^^
  File "/home/pi/Applications/spese_cisot_bot/venv/lib/python3.11/site-packages/telebot/apihelper.py", line 332, in get_updates
    return _make_request(token, method_url, params=payload)
           ^^^^^^^^^^^^^^^^^^^^^^^^^^^^^^^^^^^^^^^^^^^^^^^^
  File "/home/pi/Applications/spese_cisot_bot/venv/lib/python3.11/site-packages/telebot/apihelper.py", line 162, in _make_request
    result = _get_req_session().request(
             ^^^^^^^^^^^^^^^^^^^^^^^^^^^
  File "/home/pi/Applications/spese_cisot_bot/venv/lib/python3.11/site-packages/requests/sessions.py", line 589, in request
    resp = self.send(prep, **send_kwargs)
           ^^^^^^^^^^^^^^^^^^^^^^^^^^^^^^
  File "/home/pi/Applications/spese_cisot_bot/venv/lib/python3.11/site-packages/requests/sessions.py", line 703, in send
    r = adapter.send(request, **kwargs)
        ^^^^^^^^^^^^^^^^^^^^^^^^^^^^^^^
  File "/home/pi/Applications/spese_cisot_bot/venv/lib/python3.11/site-packages/requests/adapters.py", line 677, in send
    raise ConnectionError(e, request=request)
requests.exceptions.ConnectionError: HTTPSConnectionPool(host='api.telegram.org', port=443): Max retries exceeded with url: /bot7964354910:***********************************/getUpdates?offset=1&allowed_updates=%5B%22message%22%2C+%22callback_query%22%5D&timeout=20 (Caused by NameResolutionError("<urllib3.connection.HTTPSConnection object at 0x7f84c08e90>: Failed to resolve 'api.telegram.org' ([Errno -3] Temporary failure in name resolution)"))

2026-05-11 10:05:18 [ERROR] TeleBot: Infinity polling exception: HTTPSConnectionPool(host='api.telegram.org', port=443): Max retries exceeded with url: /bot7964354910:***********************************/getUpdates?offset=1&allowed_updates=%5B%22message%22%2C+%22callback_query%22%5D&timeout=20 (Caused by NameResolutionError("<urllib3.connection.HTTPSConnection object at 0x7f84bee410>: Failed to resolve 'api.telegram.org' ([Errno -3] Temporary failure in name resolution)"))
2026-05-11 10:05:18 [ERROR] TeleBot: Exception traceback:
Traceback (most recent call last):
  File "/home/pi/Applications/spese_cisot_bot/venv/lib/python3.11/site-packages/urllib3/connection.py", line 198, in _new_conn
    sock = connection.create_connection(
           ^^^^^^^^^^^^^^^^^^^^^^^^^^^^^
  File "/home/pi/Applications/spese_cisot_bot/venv/lib/python3.11/site-packages/urllib3/util/connection.py", line 60, in create_connection
    for res in socket.getaddrinfo(host, port, family, socket.SOCK_STREAM):
               ^^^^^^^^^^^^^^^^^^^^^^^^^^^^^^^^^^^^^^^^^^^^^^^^^^^^^^^^^^
  File "/usr/lib/python3.11/socket.py", line 962, in getaddrinfo
    for res in _socket.getaddrinfo(host, port, family, type, proto, flags):
               ^^^^^^^^^^^^^^^^^^^^^^^^^^^^^^^^^^^^^^^^^^^^^^^^^^^^^^^^^^^
socket.gaierror: [Errno -3] Temporary failure in name resolution

The above exception was the direct cause of the following exception:

Traceback (most recent call last):
  File "/home/pi/Applications/spese_cisot_bot/venv/lib/python3.11/site-packages/urllib3/connectionpool.py", line 787, in urlopen
    response = self._make_request(
               ^^^^^^^^^^^^^^^^^^^
  File "/home/pi/Applications/spese_cisot_bot/venv/lib/python3.11/site-packages/urllib3/connectionpool.py", line 488, in _make_request
    raise new_e
  File "/home/pi/Applications/spese_cisot_bot/venv/lib/python3.11/site-packages/urllib3/connectionpool.py", line 464, in _make_request
    self._validate_conn(conn)
  File "/home/pi/Applications/spese_cisot_bot/venv/lib/python3.11/site-packages/urllib3/connectionpool.py", line 1093, in _validate_conn
    conn.connect()
  File "/home/pi/Applications/spese_cisot_bot/venv/lib/python3.11/site-packages/urllib3/connection.py", line 753, in connect
    self.sock = sock = self._new_conn()
                       ^^^^^^^^^^^^^^^^
  File "/home/pi/Applications/spese_cisot_bot/venv/lib/python3.11/site-packages/urllib3/connection.py", line 205, in _new_conn
    raise NameResolutionError(self.host, self, e) from e
urllib3.exceptions.NameResolutionError: <urllib3.connection.HTTPSConnection object at 0x7f84bee410>: Failed to resolve 'api.telegram.org' ([Errno -3] Temporary failure in name resolution)

The above exception was the direct cause of the following exception:

Traceback (most recent call last):
  File "/home/pi/Applications/spese_cisot_bot/venv/lib/python3.11/site-packages/requests/adapters.py", line 644, in send
    resp = conn.urlopen(
           ^^^^^^^^^^^^^
  File "/home/pi/Applications/spese_cisot_bot/venv/lib/python3.11/site-packages/urllib3/connectionpool.py", line 841, in urlopen
    retries = retries.increment(
              ^^^^^^^^^^^^^^^^^^
  File "/home/pi/Applications/spese_cisot_bot/venv/lib/python3.11/site-packages/urllib3/util/retry.py", line 519, in increment
    raise MaxRetryError(_pool, url, reason) from reason  # type: ignore[arg-type]
    ^^^^^^^^^^^^^^^^^^^^^^^^^^^^^^^^^^^^^^^^^^^^^^^^^^^
urllib3.exceptions.MaxRetryError: HTTPSConnectionPool(host='api.telegram.org', port=443): Max retries exceeded with url: /bot7964354910:***********************************/getUpdates?offset=1&allowed_updates=%5B%22message%22%2C+%22callback_query%22%5D&timeout=20 (Caused by NameResolutionError("<urllib3.connection.HTTPSConnection object at 0x7f84bee410>: Failed to resolve 'api.telegram.org' ([Errno -3] Temporary failure in name resolution)"))

During handling of the above exception, another exception occurred:

Traceback (most recent call last):
  File "/home/pi/Applications/spese_cisot_bot/venv/lib/python3.11/site-packages/telebot/__init__.py", line 1110, in infinity_polling
    self.polling(non_stop=True, timeout=timeout, long_polling_timeout=long_polling_timeout,
  File "/home/pi/Applications/spese_cisot_bot/venv/lib/python3.11/site-packages/telebot/__init__.py", line 1198, in polling
    self.__threaded_polling(non_stop=non_stop, interval=interval, timeout=timeout, long_polling_timeout=long_polling_timeout,
  File "/home/pi/Applications/spese_cisot_bot/venv/lib/python3.11/site-packages/telebot/__init__.py", line 1273, in __threaded_polling
    raise e
  File "/home/pi/Applications/spese_cisot_bot/venv/lib/python3.11/site-packages/telebot/__init__.py", line 1234, in __threaded_polling
    polling_thread.raise_exceptions()
  File "/home/pi/Applications/spese_cisot_bot/venv/lib/python3.11/site-packages/telebot/util.py", line 112, in raise_exceptions
    raise self.exception_info
  File "/home/pi/Applications/spese_cisot_bot/venv/lib/python3.11/site-packages/telebot/util.py", line 94, in run
    task(*args, **kwargs)
  File "/home/pi/Applications/spese_cisot_bot/venv/lib/python3.11/site-packages/telebot/__init__.py", line 688, in __retrieve_updates
    updates = self.get_updates(offset=(self.last_update_id + 1),
             ^^^^^^^^^^^^^^^^^^^^^^^^^^^^^^^^^^^^^^^^^^^^^^^^^^^
  File "/home/pi/Applications/spese_cisot_bot/venv/lib/python3.11/site-packages/telebot/__init__.py", line 660, in get_updates
    json_updates = apihelper.get_updates(
                   ^^^^^^^^^^^^^^^^^^^^^^
  File "/home/pi/Applications/spese_cisot_bot/venv/lib/python3.11/site-packages/telebot/apihelper.py", line 332, in get_updates
    return _make_request(token, method_url, params=payload)
           ^^^^^^^^^^^^^^^^^^^^^^^^^^^^^^^^^^^^^^^^^^^^^^^^
  File "/home/pi/Applications/spese_cisot_bot/venv/lib/python3.11/site-packages/telebot/apihelper.py", line 162, in _make_request
    result = _get_req_session().request(
             ^^^^^^^^^^^^^^^^^^^^^^^^^^^
  File "/home/pi/Applications/spese_cisot_bot/venv/lib/python3.11/site-packages/requests/sessions.py", line 589, in request
    resp = self.send(prep, **send_kwargs)
           ^^^^^^^^^^^^^^^^^^^^^^^^^^^^^^
  File "/home/pi/Applications/spese_cisot_bot/venv/lib/python3.11/site-packages/requests/sessions.py", line 703, in send
    r = adapter.send(request, **kwargs)
        ^^^^^^^^^^^^^^^^^^^^^^^^^^^^^^^
  File "/home/pi/Applications/spese_cisot_bot/venv/lib/python3.11/site-packages/requests/adapters.py", line 677, in send
    raise ConnectionError(e, request=request)
requests.exceptions.ConnectionError: HTTPSConnectionPool(host='api.telegram.org', port=443): Max retries exceeded with url: /bot7964354910:***********************************/getUpdates?offset=1&allowed_updates=%5B%22message%22%2C+%22callback_query%22%5D&timeout=20 (Caused by NameResolutionError("<urllib3.connection.HTTPSConnection object at 0x7f84bee410>: Failed to resolve 'api.telegram.org' ([Errno -3] Temporary failure in name resolution)"))

2026-05-11 10:05:21 [ERROR] TeleBot: Infinity polling exception: HTTPSConnectionPool(host='api.telegram.org', port=443): Max retries exceeded with url: /bot7964354910:***********************************/getUpdates?offset=1&allowed_updates=%5B%22message%22%2C+%22callback_query%22%5D&timeout=20 (Caused by NameResolutionError("<urllib3.connection.HTTPSConnection object at 0x7f84c09590>: Failed to resolve 'api.telegram.org' ([Errno -3] Temporary failure in name resolution)"))
2026-05-11 10:05:21 [ERROR] TeleBot: Exception traceback:
Traceback (most recent call last):
  File "/home/pi/Applications/spese_cisot_bot/venv/lib/python3.11/site-packages/urllib3/connection.py", line 198, in _new_conn
    sock = connection.create_connection(
           ^^^^^^^^^^^^^^^^^^^^^^^^^^^^^
  File "/home/pi/Applications/spese_cisot_bot/venv/lib/python3.11/site-packages/urllib3/util/connection.py", line 60, in create_connection
    for res in socket.getaddrinfo(host, port, family, socket.SOCK_STREAM):
               ^^^^^^^^^^^^^^^^^^^^^^^^^^^^^^^^^^^^^^^^^^^^^^^^^^^^^^^^^^
  File "/usr/lib/python3.11/socket.py", line 962, in getaddrinfo
    for res in _socket.getaddrinfo(host, port, family, type, proto, flags):
               ^^^^^^^^^^^^^^^^^^^^^^^^^^^^^^^^^^^^^^^^^^^^^^^^^^^^^^^^^^^
socket.gaierror: [Errno -3] Temporary failure in name resolution

The above exception was the direct cause of the following exception:

Traceback (most recent call last):
  File "/home/pi/Applications/spese_cisot_bot/venv/lib/python3.11/site-packages/urllib3/connectionpool.py", line 787, in urlopen
    response = self._make_request(
               ^^^^^^^^^^^^^^^^^^^
  File "/home/pi/Applications/spese_cisot_bot/venv/lib/python3.11/site-packages/urllib3/connectionpool.py", line 488, in _make_request
    raise new_e
  File "/home/pi/Applications/spese_cisot_bot/venv/lib/python3.11/site-packages/urllib3/connectionpool.py", line 464, in _make_request
    self._validate_conn(conn)
  File "/home/pi/Applications/spese_cisot_bot/venv/lib/python3.11/site-packages/urllib3/connectionpool.py", line 1093, in _validate_conn
    conn.connect()
  File "/home/pi/Applications/spese_cisot_bot/venv/lib/python3.11/site-packages/urllib3/connection.py", line 753, in connect
    self.sock = sock = self._new_conn()
                       ^^^^^^^^^^^^^^^^
  File "/home/pi/Applications/spese_cisot_bot/venv/lib/python3.11/site-packages/urllib3/connection.py", line 205, in _new_conn
    raise NameResolutionError(self.host, self, e) from e
urllib3.exceptions.NameResolutionError: <urllib3.connection.HTTPSConnection object at 0x7f84c09590>: Failed to resolve 'api.telegram.org' ([Errno -3] Temporary failure in name resolution)

The above exception was the direct cause of the following exception:

Traceback (most recent call last):
  File "/home/pi/Applications/spese_cisot_bot/venv/lib/python3.11/site-packages/requests/adapters.py", line 644, in send
    resp = conn.urlopen(
           ^^^^^^^^^^^^^
  File "/home/pi/Applications/spese_cisot_bot/venv/lib/python3.11/site-packages/urllib3/connectionpool.py", line 841, in urlopen
    retries = retries.increment(
              ^^^^^^^^^^^^^^^^^^
  File "/home/pi/Applications/spese_cisot_bot/venv/lib/python3.11/site-packages/urllib3/util/retry.py", line 519, in increment
    raise MaxRetryError(_pool, url, reason) from reason  # type: ignore[arg-type]
    ^^^^^^^^^^^^^^^^^^^^^^^^^^^^^^^^^^^^^^^^^^^^^^^^^^^
urllib3.exceptions.MaxRetryError: HTTPSConnectionPool(host='api.telegram.org', port=443): Max retries exceeded with url: /bot7964354910:***********************************/getUpdates?offset=1&allowed_updates=%5B%22message%22%2C+%22callback_query%22%5D&timeout=20 (Caused by NameResolutionError("<urllib3.connection.HTTPSConnection object at 0x7f84c09590>: Failed to resolve 'api.telegram.org' ([Errno -3] Temporary failure in name resolution)"))

During handling of the above exception, another exception occurred:

Traceback (most recent call last):
  File "/home/pi/Applications/spese_cisot_bot/venv/lib/python3.11/site-packages/telebot/__init__.py", line 1110, in infinity_polling
    self.polling(non_stop=True, timeout=timeout, long_polling_timeout=long_polling_timeout,
  File "/home/pi/Applications/spese_cisot_bot/venv/lib/python3.11/site-packages/telebot/__init__.py", line 1198, in polling
    self.__threaded_polling(non_stop=non_stop, interval=interval, timeout=timeout, long_polling_timeout=long_polling_timeout,
  File "/home/pi/Applications/spese_cisot_bot/venv/lib/python3.11/site-packages/telebot/__init__.py", line 1273, in __threaded_polling
    raise e
  File "/home/pi/Applications/spese_cisot_bot/venv/lib/python3.11/site-packages/telebot/__init__.py", line 1234, in __threaded_polling
    polling_thread.raise_exceptions()
  File "/home/pi/Applications/spese_cisot_bot/venv/lib/python3.11/site-packages/telebot/util.py", line 112, in raise_exceptions
    raise self.exception_info
  File "/home/pi/Applications/spese_cisot_bot/venv/lib/python3.11/site-packages/telebot/util.py", line 94, in run
    task(*args, **kwargs)
  File "/home/pi/Applications/spese_cisot_bot/venv/lib/python3.11/site-packages/telebot/__init__.py", line 688, in __retrieve_updates
    updates = self.get_updates(offset=(self.last_update_id + 1),
             ^^^^^^^^^^^^^^^^^^^^^^^^^^^^^^^^^^^^^^^^^^^^^^^^^^^
  File "/home/pi/Applications/spese_cisot_bot/venv/lib/python3.11/site-packages/telebot/__init__.py", line 660, in get_updates
    json_updates = apihelper.get_updates(
                   ^^^^^^^^^^^^^^^^^^^^^^
  File "/home/pi/Applications/spese_cisot_bot/venv/lib/python3.11/site-packages/telebot/apihelper.py", line 332, in get_updates
    return _make_request(token, method_url, params=payload)
           ^^^^^^^^^^^^^^^^^^^^^^^^^^^^^^^^^^^^^^^^^^^^^^^^
  File "/home/pi/Applications/spese_cisot_bot/venv/lib/python3.11/site-packages/telebot/apihelper.py", line 162, in _make_request
    result = _get_req_session().request(
             ^^^^^^^^^^^^^^^^^^^^^^^^^^^
  File "/home/pi/Applications/spese_cisot_bot/venv/lib/python3.11/site-packages/requests/sessions.py", line 589, in request
    resp = self.send(prep, **send_kwargs)
           ^^^^^^^^^^^^^^^^^^^^^^^^^^^^^^
  File "/home/pi/Applications/spese_cisot_bot/venv/lib/python3.11/site-packages/requests/sessions.py", line 703, in send
    r = adapter.send(request, **kwargs)
        ^^^^^^^^^^^^^^^^^^^^^^^^^^^^^^^
  File "/home/pi/Applications/spese_cisot_bot/venv/lib/python3.11/site-packages/requests/adapters.py", line 677, in send
    raise ConnectionError(e, request=request)
requests.exceptions.ConnectionError: HTTPSConnectionPool(host='api.telegram.org', port=443): Max retries exceeded with url: /bot7964354910:***********************************/getUpdates?offset=1&allowed_updates=%5B%22message%22%2C+%22callback_query%22%5D&timeout=20 (Caused by NameResolutionError("<urllib3.connection.HTTPSConnection object at 0x7f84c09590>: Failed to resolve 'api.telegram.org' ([Errno -3] Temporary failure in name resolution)"))

2026-05-11 10:05:24 [ERROR] TeleBot: Infinity polling exception: HTTPSConnectionPool(host='api.telegram.org', port=443): Max retries exceeded with url: /bot7964354910:***********************************/getUpdates?offset=1&allowed_updates=%5B%22message%22%2C+%22callback_query%22%5D&timeout=20 (Caused by NameResolutionError("<urllib3.connection.HTTPSConnection object at 0x7f84c24310>: Failed to resolve 'api.telegram.org' ([Errno -3] Temporary failure in name resolution)"))
2026-05-11 10:05:24 [ERROR] TeleBot: Exception traceback:
Traceback (most recent call last):
  File "/home/pi/Applications/spese_cisot_bot/venv/lib/python3.11/site-packages/urllib3/connection.py", line 198, in _new_conn
    sock = connection.create_connection(
           ^^^^^^^^^^^^^^^^^^^^^^^^^^^^^
  File "/home/pi/Applications/spese_cisot_bot/venv/lib/python3.11/site-packages/urllib3/util/connection.py", line 60, in create_connection
    for res in socket.getaddrinfo(host, port, family, socket.SOCK_STREAM):
               ^^^^^^^^^^^^^^^^^^^^^^^^^^^^^^^^^^^^^^^^^^^^^^^^^^^^^^^^^^
  File "/usr/lib/python3.11/socket.py", line 962, in getaddrinfo
    for res in _socket.getaddrinfo(host, port, family, type, proto, flags):
               ^^^^^^^^^^^^^^^^^^^^^^^^^^^^^^^^^^^^^^^^^^^^^^^^^^^^^^^^^^^
socket.gaierror: [Errno -3] Temporary failure in name resolution

The above exception was the direct cause of the following exception:

Traceback (most recent call last):
  File "/home/pi/Applications/spese_cisot_bot/venv/lib/python3.11/site-packages/urllib3/connectionpool.py", line 787, in urlopen
    response = self._make_request(
               ^^^^^^^^^^^^^^^^^^^
  File "/home/pi/Applications/spese_cisot_bot/venv/lib/python3.11/site-packages/urllib3/connectionpool.py", line 488, in _make_request
    raise new_e
  File "/home/pi/Applications/spese_cisot_bot/venv/lib/python3.11/site-packages/urllib3/connectionpool.py", line 464, in _make_request
    self._validate_conn(conn)
  File "/home/pi/Applications/spese_cisot_bot/venv/lib/python3.11/site-packages/urllib3/connectionpool.py", line 1093, in _validate_conn
    conn.connect()
  File "/home/pi/Applications/spese_cisot_bot/venv/lib/python3.11/site-packages/urllib3/connection.py", line 753, in connect
    self.sock = sock = self._new_conn()
                       ^^^^^^^^^^^^^^^^
  File "/home/pi/Applications/spese_cisot_bot/venv/lib/python3.11/site-packages/urllib3/connection.py", line 205, in _new_conn
    raise NameResolutionError(self.host, self, e) from e
urllib3.exceptions.NameResolutionError: <urllib3.connection.HTTPSConnection object at 0x7f84c24310>: Failed to resolve 'api.telegram.org' ([Errno -3] Temporary failure in name resolution)

The above exception was the direct cause of the following exception:

Traceback (most recent call last):
  File "/home/pi/Applications/spese_cisot_bot/venv/lib/python3.11/site-packages/requests/adapters.py", line 644, in send
    resp = conn.urlopen(
           ^^^^^^^^^^^^^
  File "/home/pi/Applications/spese_cisot_bot/venv/lib/python3.11/site-packages/urllib3/connectionpool.py", line 841, in urlopen
    retries = retries.increment(
              ^^^^^^^^^^^^^^^^^^
  File "/home/pi/Applications/spese_cisot_bot/venv/lib/python3.11/site-packages/urllib3/util/retry.py", line 519, in increment
    raise MaxRetryError(_pool, url, reason) from reason  # type: ignore[arg-type]
    ^^^^^^^^^^^^^^^^^^^^^^^^^^^^^^^^^^^^^^^^^^^^^^^^^^^
urllib3.exceptions.MaxRetryError: HTTPSConnectionPool(host='api.telegram.org', port=443): Max retries exceeded with url: /bot7964354910:***********************************/getUpdates?offset=1&allowed_updates=%5B%22message%22%2C+%22callback_query%22%5D&timeout=20 (Caused by NameResolutionError("<urllib3.connection.HTTPSConnection object at 0x7f84c24310>: Failed to resolve 'api.telegram.org' ([Errno -3] Temporary failure in name resolution)"))

During handling of the above exception, another exception occurred:

Traceback (most recent call last):
  File "/home/pi/Applications/spese_cisot_bot/venv/lib/python3.11/site-packages/telebot/__init__.py", line 1110, in infinity_polling
    self.polling(non_stop=True, timeout=timeout, long_polling_timeout=long_polling_timeout,
  File "/home/pi/Applications/spese_cisot_bot/venv/lib/python3.11/site-packages/telebot/__init__.py", line 1198, in polling
    self.__threaded_polling(non_stop=non_stop, interval=interval, timeout=timeout, long_polling_timeout=long_polling_timeout,
  File "/home/pi/Applications/spese_cisot_bot/venv/lib/python3.11/site-packages/telebot/__init__.py", line 1273, in __threaded_polling
    raise e
  File "/home/pi/Applications/spese_cisot_bot/venv/lib/python3.11/site-packages/telebot/__init__.py", line 1234, in __threaded_polling
    polling_thread.raise_exceptions()
  File "/home/pi/Applications/spese_cisot_bot/venv/lib/python3.11/site-packages/telebot/util.py", line 112, in raise_exceptions
    raise self.exception_info
  File "/home/pi/Applications/spese_cisot_bot/venv/lib/python3.11/site-packages/telebot/util.py", line 94, in run
    task(*args, **kwargs)
  File "/home/pi/Applications/spese_cisot_bot/venv/lib/python3.11/site-packages/telebot/__init__.py", line 688, in __retrieve_updates
    updates = self.get_updates(offset=(self.last_update_id + 1),
             ^^^^^^^^^^^^^^^^^^^^^^^^^^^^^^^^^^^^^^^^^^^^^^^^^^^
  File "/home/pi/Applications/spese_cisot_bot/venv/lib/python3.11/site-packages/telebot/__init__.py", line 660, in get_updates
    json_updates = apihelper.get_updates(
                   ^^^^^^^^^^^^^^^^^^^^^^
  File "/home/pi/Applications/spese_cisot_bot/venv/lib/python3.11/site-packages/telebot/apihelper.py", line 332, in get_updates
    return _make_request(token, method_url, params=payload)
           ^^^^^^^^^^^^^^^^^^^^^^^^^^^^^^^^^^^^^^^^^^^^^^^^
  File "/home/pi/Applications/spese_cisot_bot/venv/lib/python3.11/site-packages/telebot/apihelper.py", line 162, in _make_request
    result = _get_req_session().request(
             ^^^^^^^^^^^^^^^^^^^^^^^^^^^
  File "/home/pi/Applications/spese_cisot_bot/venv/lib/python3.11/site-packages/requests/sessions.py", line 589, in request
    resp = self.send(prep, **send_kwargs)
           ^^^^^^^^^^^^^^^^^^^^^^^^^^^^^^
  File "/home/pi/Applications/spese_cisot_bot/venv/lib/python3.11/site-packages/requests/sessions.py", line 703, in send
    r = adapter.send(request, **kwargs)
        ^^^^^^^^^^^^^^^^^^^^^^^^^^^^^^^
  File "/home/pi/Applications/spese_cisot_bot/venv/lib/python3.11/site-packages/requests/adapters.py", line 677, in send
    raise ConnectionError(e, request=request)
requests.exceptions.ConnectionError: HTTPSConnectionPool(host='api.telegram.org', port=443): Max retries exceeded with url: /bot7964354910:***********************************/getUpdates?offset=1&allowed_updates=%5B%22message%22%2C+%22callback_query%22%5D&timeout=20 (Caused by NameResolutionError("<urllib3.connection.HTTPSConnection object at 0x7f84c24310>: Failed to resolve 'api.telegram.org' ([Errno -3] Temporary failure in name resolution)"))

2026-05-11 10:05:27 [ERROR] TeleBot: Infinity polling exception: HTTPSConnectionPool(host='api.telegram.org', port=443): Max retries exceeded with url: /bot7964354910:***********************************/getUpdates?offset=1&allowed_updates=%5B%22message%22%2C+%22callback_query%22%5D&timeout=20 (Caused by NameResolutionError("<urllib3.connection.HTTPSConnection object at 0x7f84bedd10>: Failed to resolve 'api.telegram.org' ([Errno -3] Temporary failure in name resolution)"))
2026-05-11 10:05:27 [ERROR] TeleBot: Exception traceback:
Traceback (most recent call last):
  File "/home/pi/Applications/spese_cisot_bot/venv/lib/python3.11/site-packages/urllib3/connection.py", line 198, in _new_conn
    sock = connection.create_connection(
           ^^^^^^^^^^^^^^^^^^^^^^^^^^^^^
  File "/home/pi/Applications/spese_cisot_bot/venv/lib/python3.11/site-packages/urllib3/util/connection.py", line 60, in create_connection
    for res in socket.getaddrinfo(host, port, family, socket.SOCK_STREAM):
               ^^^^^^^^^^^^^^^^^^^^^^^^^^^^^^^^^^^^^^^^^^^^^^^^^^^^^^^^^^
  File "/usr/lib/python3.11/socket.py", line 962, in getaddrinfo
    for res in _socket.getaddrinfo(host, port, family, type, proto, flags):
               ^^^^^^^^^^^^^^^^^^^^^^^^^^^^^^^^^^^^^^^^^^^^^^^^^^^^^^^^^^^
socket.gaierror: [Errno -3] Temporary failure in name resolution

The above exception was the direct cause of the following exception:

Traceback (most recent call last):
  File "/home/pi/Applications/spese_cisot_bot/venv/lib/python3.11/site-packages/urllib3/connectionpool.py", line 787, in urlopen
    response = self._make_request(
               ^^^^^^^^^^^^^^^^^^^
  File "/home/pi/Applications/spese_cisot_bot/venv/lib/python3.11/site-packages/urllib3/connectionpool.py", line 488, in _make_request
    raise new_e
  File "/home/pi/Applications/spese_cisot_bot/venv/lib/python3.11/site-packages/urllib3/connectionpool.py", line 464, in _make_request
    self._validate_conn(conn)
  File "/home/pi/Applications/spese_cisot_bot/venv/lib/python3.11/site-packages/urllib3/connectionpool.py", line 1093, in _validate_conn
    conn.connect()
  File "/home/pi/Applications/spese_cisot_bot/venv/lib/python3.11/site-packages/urllib3/connection.py", line 753, in connect
    self.sock = sock = self._new_conn()
                       ^^^^^^^^^^^^^^^^
  File "/home/pi/Applications/spese_cisot_bot/venv/lib/python3.11/site-packages/urllib3/connection.py", line 205, in _new_conn
    raise NameResolutionError(self.host, self, e) from e
urllib3.exceptions.NameResolutionError: <urllib3.connection.HTTPSConnection object at 0x7f84bedd10>: Failed to resolve 'api.telegram.org' ([Errno -3] Temporary failure in name resolution)

The above exception was the direct cause of the following exception:

Traceback (most recent call last):
  File "/home/pi/Applications/spese_cisot_bot/venv/lib/python3.11/site-packages/requests/adapters.py", line 644, in send
    resp = conn.urlopen(
           ^^^^^^^^^^^^^
  File "/home/pi/Applications/spese_cisot_bot/venv/lib/python3.11/site-packages/urllib3/connectionpool.py", line 841, in urlopen
    retries = retries.increment(
              ^^^^^^^^^^^^^^^^^^
  File "/home/pi/Applications/spese_cisot_bot/venv/lib/python3.11/site-packages/urllib3/util/retry.py", line 519, in increment
    raise MaxRetryError(_pool, url, reason) from reason  # type: ignore[arg-type]
    ^^^^^^^^^^^^^^^^^^^^^^^^^^^^^^^^^^^^^^^^^^^^^^^^^^^
urllib3.exceptions.MaxRetryError: HTTPSConnectionPool(host='api.telegram.org', port=443): Max retries exceeded with url: /bot7964354910:***********************************/getUpdates?offset=1&allowed_updates=%5B%22message%22%2C+%22callback_query%22%5D&timeout=20 (Caused by NameResolutionError("<urllib3.connection.HTTPSConnection object at 0x7f84bedd10>: Failed to resolve 'api.telegram.org' ([Errno -3] Temporary failure in name resolution)"))

During handling of the above exception, another exception occurred:

Traceback (most recent call last):
  File "/home/pi/Applications/spese_cisot_bot/venv/lib/python3.11/site-packages/telebot/__init__.py", line 1110, in infinity_polling
    self.polling(non_stop=True, timeout=timeout, long_polling_timeout=long_polling_timeout,
  File "/home/pi/Applications/spese_cisot_bot/venv/lib/python3.11/site-packages/telebot/__init__.py", line 1198, in polling
    self.__threaded_polling(non_stop=non_stop, interval=interval, timeout=timeout, long_polling_timeout=long_polling_timeout,
  File "/home/pi/Applications/spese_cisot_bot/venv/lib/python3.11/site-packages/telebot/__init__.py", line 1273, in __threaded_polling
    raise e
  File "/home/pi/Applications/spese_cisot_bot/venv/lib/python3.11/site-packages/telebot/__init__.py", line 1234, in __threaded_polling
    polling_thread.raise_exceptions()
  File "/home/pi/Applications/spese_cisot_bot/venv/lib/python3.11/site-packages/telebot/util.py", line 112, in raise_exceptions
    raise self.exception_info
  File "/home/pi/Applications/spese_cisot_bot/venv/lib/python3.11/site-packages/telebot/util.py", line 94, in run
    task(*args, **kwargs)
  File "/home/pi/Applications/spese_cisot_bot/venv/lib/python3.11/site-packages/telebot/__init__.py", line 688, in __retrieve_updates
    updates = self.get_updates(offset=(self.last_update_id + 1),
             ^^^^^^^^^^^^^^^^^^^^^^^^^^^^^^^^^^^^^^^^^^^^^^^^^^^
  File "/home/pi/Applications/spese_cisot_bot/venv/lib/python3.11/site-packages/telebot/__init__.py", line 660, in get_updates
    json_updates = apihelper.get_updates(
                   ^^^^^^^^^^^^^^^^^^^^^^
  File "/home/pi/Applications/spese_cisot_bot/venv/lib/python3.11/site-packages/telebot/apihelper.py", line 332, in get_updates
    return _make_request(token, method_url, params=payload)
           ^^^^^^^^^^^^^^^^^^^^^^^^^^^^^^^^^^^^^^^^^^^^^^^^
  File "/home/pi/Applications/spese_cisot_bot/venv/lib/python3.11/site-packages/telebot/apihelper.py", line 162, in _make_request
    result = _get_req_session().request(
             ^^^^^^^^^^^^^^^^^^^^^^^^^^^
  File "/home/pi/Applications/spese_cisot_bot/venv/lib/python3.11/site-packages/requests/sessions.py", line 589, in request
    resp = self.send(prep, **send_kwargs)
           ^^^^^^^^^^^^^^^^^^^^^^^^^^^^^^
  File "/home/pi/Applications/spese_cisot_bot/venv/lib/python3.11/site-packages/requests/sessions.py", line 703, in send
    r = adapter.send(request, **kwargs)
        ^^^^^^^^^^^^^^^^^^^^^^^^^^^^^^^
  File "/home/pi/Applications/spese_cisot_bot/venv/lib/python3.11/site-packages/requests/adapters.py", line 677, in send
    raise ConnectionError(e, request=request)
requests.exceptions.ConnectionError: HTTPSConnectionPool(host='api.telegram.org', port=443): Max retries exceeded with url: /bot7964354910:***********************************/getUpdates?offset=1&allowed_updates=%5B%22message%22%2C+%22callback_query%22%5D&timeout=20 (Caused by NameResolutionError("<urllib3.connection.HTTPSConnection object at 0x7f84bedd10>: Failed to resolve 'api.telegram.org' ([Errno -3] Temporary failure in name resolution)"))

2026-05-11 10:23:11 [INFO] __main__: Bot started...
2026-05-11 10:23:16 [INFO] __main__: Bot started...
